rule,rm_lr0.001,rm_lr0.02,rm_lr0.05,rm_lr0.1,rm_steps320,rm_steps640,rm_steps1280,rm_full,rm_batch1,rm_batch8,rm_pretrain,rm_relu,rm_leaky,rm_linear_mse,rm_sigmoid_mse,rm_tanh_mse,rm_relu_tanh_mse,rm_width4,rm_width6
0,1,1,1,1,1,1,1,1,1,1,1,1,1,1,1,1,1,1,1
1,1,1,1,1,0.9922,1,1,1,1,1,1,1,1,1,1,1,0.5078,1,1
2,1,1,1,1,0.9922,1,1,1,1,1,1,1,1,1,1,1,0.4922,1,1
3,1,1,1,1,1,1,1,1,1,1,1,1,1,1,1,1,0.5938,1,1
4,1,1,1,1,1,1,1,1,1,1,1,1,1,1,1,1,0.4766,1,1
5,1,1,1,1,1,1,1,1,1,1,1,1,1,1,1,1,0.5469,1,1
6,1,1,1,1,1,1,1,1,1,1,1,0.9922,0.9922,1,0.9922,0.9922,0.2812,1,1
7,1,1,1,1,1,1,1,1,1,1,1,1,1,1,1,1,0.5156,1,1
8,1,1,1,1,1,1,1,1,1,1,1,1,1,1,1,1,0.5391,1,1
9,1,1,1,1,0.9766,1,1,1,1,1,1,1,1,1,0.9766,0.9922,0.2734,1,1
10,1,1,1,1,1,1,1,1,1,1,1,1,1,1,1,0.9922,0.5625,1,1
11,1,1,1,1,1,1,1,1,1,1,1,1,1,1,1,0.9922,0.5078,1,1
12,1,1,1,1,1,1,1,1,1,1,1,1,1,1,1,1,0.6094,1,1
13,1,1,1,1,1,1,1,1,1,1,1,1,1,1,1,1,0.4688,1,1
14,1,1,1,1,1,1,1,1,1,1,1,1,1,1,1,0.9922,0.4766,1,1
15,1,1,1,1,1,1,1,1,1,1,1,1,1,1,1,0.9922,0.6875,1,1
16,1,1,1,1,1,1,1,1,1,1,1,1,1,1,1,1,0.4766,1,1
17,1,1,1,1,1,1,1,1,1,1,1,1,1,1,1,1,0.5469,1,1
18,1,1,1,1,0.9922,1,1,1,1,1,1,1,1,1,0.9844,0.9922,0.3203,1,1
19,1,1,1,1,1,1,1,1,1,1,1,1,1,1,1,1,0.5625,1,1
20,1,1,1,1,0.9844,1,1,1,1,1,1,1,1,1,0.9844,0.9844,0.3203,1,1
21,1,1,1,1,1,1,1,1,1,1,1,1,1,1,1,0.9922,0.5391,1,1
22,1,1,1,1,0.8594,0.9766,1,1,1,1,1,0.9844,1,1,0.9062,0.5938,0.2266,0.9688,1
23,1,1,1,1,1,1,1,1,1,1,1,1,1,1,1,0.9844,0.6484,1,1
24,1,1,1,1,0.9531,1,1,1,1,1,1,1,0.9922,1,0.9062,1,0.3672,1,1
25,1,1,1,1,0.9688,1,1,1,1,1,1,0.9922,1,1,0.9141,1,0.2969,1,1
26,1,1,1,1,0.9609,1,1,1,1,1,1,1,1,1,0.9531,1,0.2812,1,1
27,1,1,1,1,1,1,1,1,1,1,1,1,1,1,1,0.9844,0.2969,1,1
28,1,1,1,1,0.9766,1,1,1,1,1,1,1,1,1,0.9297,1,0.3125,1,1
29,1,1,1,1,0.9922,1,1,1,1,1,1,1,1,1,1,0.9922,0.4141,1,1
30,1,1,1,1,0.9375,1,1,1,1,1,1,0.9844,1,1,0.9375,0.7656,0.2734,0.9609,1
31,1,1,1,1,1,1,1,1,1,1,1,1,1,1,1,1,0.5547,1,1
32,1,1,1,1,0.9844,1,1,1,1,1,1,1,1,1,1,1,0.4844,1,1
33,1,1,1,1,0.9844,1,1,1,1,1,1,1,1,1,0.9844,1,0.3438,1,1
34,1,1,1,1,1,1,1,1,1,1,1,1,1,1,1,1,0.5,1,1
35,1,1,1,1,1,1,1,1,1,1,1,1,1,1,1,1,0.4922,1,1
36,1,1,1,1,0.9688,1,1,1,1,1,1,1,1,1,0.9141,1,0.3516,1,1
37,1,1,1,1,0.9766,1,1,1,1,1,1,1,1,1,0.9609,0.9922,0.3047,1,1
38,1,1,1,1,0.9922,1,1,1,1,1,1,0.9922,1,1,0.9531,1,0.2812,1,1
39,1,1,1,1,1,1,1,1,1,1,1,0.9922,1,1,1,0.9922,0.2578,1,1
40,1,1,1,1,0.9922,1,1,1,1,1,1,0.9922,1,1,0.9922,0.9766,0.2969,1,1
41,1,1,1,1,0.8125,0.9922,1,1,1,1,1,1,1,1,0.9219,0.6094,0.1797,0.9766,1
42,1,1,1,1,1,1,1,1,1,1,1,1,1,1,1,1,0.4844,1,1
43,1,1,1,1,1,1,1,1,1,1,1,1,1,1,1,0.9844,0.6328,1,1
44,1,1,1,1,0.9531,1,1,1,1,1,1,0.9922,1,1,0.9688,1,0.3281,1,1
45,0.9922,1,1,1,0.9297,1,1,1,1,1,1,1,1,1,0.8984,0.7812,0.2578,0.9609,1
46,1,1,1,1,1,1,1,1,1,1,1,0.9922,1,1,1,0.9922,0.3984,1,1
47,1,1,1,1,1,1,1,1,1,1,1,0.9922,1,1,1,0.9766,0.5234,1,1
48,1,1,1,1,1,1,1,1,1,1,1,1,1,1,1,1,0.6484,1,1
49,1,1,1,1,1,1,1,1,1,1,1,1,1,1,1,1,0.5,1,1
50,1,1,1,1,1,1,1,1,1,1,1,1,1,1,1,1,0.5,1,1
51,1,1,1,1,1,1,1,1,1,1,1,1,1,1,1,1,0.7422,1,1
52,1,1,1,1,0.9922,1,1,1,1,1,1,0.9922,1,1,0.9609,1,0.2656,1,1
53,1,1,1,1,0.9922,1,1,1,1,1,1,1,1,1,1,1,0.3359,1,1
54,1,1,1,1,0.9531,0.9922,1,1,1,1,1,0.9922,1,1,0.9844,0.8203,0.2891,0.9688,1
55,1,1,1,1,1,1,1,1,1,1,1,1,1,1,1,1,0.5938,1,1
56,1,1,1,1,0.9766,1,1,1,1,1,1,1,1,1,0.9688,1,0.3203,1,1
57,1,1,1,1,0.9062,0.9922,1,1,1,1,1,0.9922,1,1,0.9375,0.8281,0.2812,0.9688,1
58,1,1,1,1,1,1,1,1,1,1,1,1,0.9922,1,1,1,0.3828,1,1
59,1,1,1,1,1,1,1,1,1,1,1,1,1,1,1,1,0.5781,1,1
60,1,1,1,1,1,1,1,1,1,1,1,1,1,1,0.9766,0.8828,0.3516,1,1
61,0.9922,1,1,1,0.9844,1,1,1,1,1,1,1,1,1,0.9531,0.7188,0.2812,1,1
62,1,1,1,1,0.9609,1,1,1,1,1,1,0.9922,1,1,0.9844,0.8594,0.25,1,1
63,1,1,1,1,1,1,1,1,1,1,1,1,1,1,1,0.9844,0.7031,1,1
64,1,1,1,1,0.9922,1,1,1,1,1,1,1,1,1,1,1,0.4375,1,1
65,1,1,1,1,0.9844,1,1,1,1,1,1,0.9922,1,1,0.9766,0.9766,0.2109,1,1
66,1,1,1,1,0.9531,1,1,1,1,1,1,0.9766,1,1,0.8906,1,0.3203,1,1
67,1,1,1,1,1,1,1,1,1,1,1,0.9922,1,1,0.9766,0.9844,0.3984,1,1
68,1,1,1,1,1,1,1,1,1,1,1,1,1,1,1,1,0.5703,1,1
69,1,1,1,1,1,1,1,1,1,1,1,1,1,1,1,0.9922,0.4766,1,1
70,1,1,1,1,0.9922,1,1,1,1,1,1,0.9922,1,1,0.9531,1,0.3203,1,1
71,1,1,1,1,1,1,1,1,1,1,1,1,1,1,1,0.9922,0.4531,1,1
72,1,1,1,1,0.9922,1,1,1,1,1,1,1,1,1,0.9844,0.9609,0.4062,1,1
73,1,1,1,1,0.8594,1,1,1,1,1,1,0.9922,1,1,0.8984,0.5938,0.1484,0.9766,1
74,1,1,1,1,0.9375,1,1,1,1,1,1,1,1,1,0.9297,1,0.2578,1,1
75,1,1,1,1,0.8906,1,1,1,1,1,1,1,1,1,0.9219,0.7969,0.2109,0.9688,1
76,1,1,1,1,1,1,1,1,1,1,1,1,1,1,1,1,0.5547,1,1
77,1,1,1,1,1,1,1,1,1,1,1,1,1,1,1,1,0.6094,1,1
78,1,1,1,1,0.9922,1,1,1,1,1,1,0.9922,1,1,1,0.9922,0.4219,1,1
79,1,1,1,1,1,1,1,1,1,1,1,1,1,1,1,1,0.5938,1,1
80,1,1,1,1,1,1,1,1,1,1,1,1,1,1,1,1,0.6562,1,1
81,1,1,1,1,1,1,1,1,1,1,1,1,1,1,1,0.9922,0.5312,1,1
82,1,1,1,1,0.9766,1,1,1,1,1,1,1,1,1,0.9609,1,0.3125,1,1
83,1,1,1,1,1,1,1,1,1,1,1,1,1,1,1,1,0.3516,1,1
84,1,1,1,1,1,1,1,1,1,1,1,1,1,1,1,1,0.5938,1,1
85,1,1,1,1,1,1,1,1,1,1,1,1,1,1,1,1,0.7734,1,1
86,0.9922,1,1,1,0.9141,1,1,1,1,1,1,0.9922,1,1,0.9219,0.8281,0.1641,0.9219,1
87,1,1,1,1,1,1,1,1,1,1,1,1,1,1,1,1,0.5078,1,1
88,1,1,1,1,1,1,1,1,1,1,1,0.9766,1,1,0.9688,1,0.3125,0.9922,1
89,1,1,1,1,0.9141,1,1,0.9922,1,1,1,0.9844,1,1,0.9297,0.8281,0.2344,0.9531,1
90,1,1,1,1,1,1,1,1,1,1,1,0.9922,1,1,0.9922,0.9297,0.3047,1,1
91,1,1,1,1,0.9844,1,1,1,1,1,1,1,1,1,0.9766,0.8594,0.3516,1,1
92,1,1,1,1,1,1,1,1,1,1,1,1,1,1,1,0.9922,0.3906,1,1
93,1,1,1,1,1,1,1,1,1,1,1,1,1,1,1,1,0.5234,1,1
94,1,1,1,1,0.9766,1,1,1,1,1,1,1,1,1,0.9453,0.7656,0.2109,1,1
95,1,1,1,1,1,1,1,1,1,1,1,1,1,1,1,0.9766,0.7188,1,1
96,1,1,1,1,0.9844,1,1,1,1,1,1,1,1,1,1,0.9922,0.3828,0.9922,1
97,0.9922,1,1,1,0.8359,1,1,1,1,1,1,1,1,1,0.9141,0.5703,0.2031,0.9219,1
98,1,1,1,1,0.9688,1,1,1,1,1,1,1,1,1,0.9531,1,0.2969,0.9922,1
99,1,1,1,1,0.8828,1,1,1,1,1,1,1,1,1,0.9609,0.8594,0.2891,0.9688,1
100,1,1,1,1,0.9531,1,1,1,1,1,1,1,1,1,0.9453,1,0.2422,1,1
101,0.9922,1,1,1,0.9219,1,1,1,1,1,1,1,1,1,0.9609,0.8203,0.2031,0.9453,0.9922
102,1,1,1,1,1,1,1,1,1,1,1,1,1,1,0.9766,0.8906,0.3438,1,1
103,1,1,1,1,0.9844,1,1,1,1,1,1,0.9844,1,1,0.9609,0.8203,0.2578,1,1
104,0.9844,1,1,1,0.8281,1,1,1,1,1,1,0.9922,1,1,0.9375,0.5938,0.1328,0.9844,1
105,0.9062,1,1,1,0.4062,0.9688,1,1,1,1,1,0.9766,0.9922,1,0.9453,0.2734,0.02344,0.875,1
106,1,1,1,1,0.9062,0.9922,1,1,1,1,1,0.9844,1,1,0.9297,0.8281,0.2266,0.9531,1
107,0.9688,1,1,1,0.8438,1,1,1,1,1,1,0.9922,1,1,0.9219,0.6562,0.2188,0.9844,1
108,1,1,1,1,0.9531,1,1,1,1,1,1,0.9844,1,1,0.9141,0.7891,0.2109,0.9609,1
109,0.9766,1,1,1,0.875,0.9922,1,1,1,1,1,1,1,1,0.9219,0.6562,0.1875,0.9531,1
110,1,1,1,1,0.9609,1,1,1,1,1,1,1,1,1,0.9844,0.8438,0.3281,1,1
111,1,1,1,1,0.9688,1,1,1,1,1,1,0.9922,1,1,0.9766,0.8906,0.3594,1,1
112,1,1,1,1,1,1,1,1,1,1,1,1,1,1,1,1,0.5,1,1
113,1,1,1,1,1,1,1,1,1,1,1,1,1,1,1,0.9766,0.6797,1,1
114,1,1,1,1,1,1,1,1,1,1,1,0.9922,0.9844,1,1,0.9844,0.3828,1,1
115,1,1,1,1,1,1,1,1,1,1,1,1,1,1,1,0.9922,0.5312,1,1
116,1,1,1,1,1,1,1,1,1,1,1,1,0.9922,1,1,0.9844,0.4141,1,1
117,1,1,1,1,1,1,1,1,1,1,1,1,1,1,1,1,0.6016,1,1
118,1,1,1,1,0.9844,1,1,1,1,1,1,0.9922,1,1,0.9609,0.7969,0.3281,1,1
119,1,1,1,1,1,1,1,1,1,1,1,1,1,1,1,1,0.7266,1,1
120,1,1,1,1,0.9219,1,1,1,1,1,1,1,1,1,0.9219,0.8438,0.2969,0.9609,1
121,1,1,1,1,0.8672,1,1,1,1,1,1,0.9766,1,1,0.9297,0.7266,0.2266,0.9609,1
122,1,1,1,1,0.9609,1,1,1,1,1,1,1,1,1,0.9766,0.8516,0.3516,1,1
123,1,1,1,1,0.9609,1,1,1,1,1,1,0.9922,1,1,0.9922,0.8594,0.4531,1,1
124,1,1,1,1,0.9766,1,1,1,1,1,1,1,1,1,0.9766,0.8828,0.2812,1,1
125,1,1,1,1,1,1,1,1,1,1,1,1,1,1,0.9922,0.8359,0.3281,1,1
126,1,1,1,1,0.9766,1,1,1,1,1,1,0.9844,1,1,0.8984,0.6094,0.2344,1,1
127,1,1,1,1,1,1,1,1,1,1,1,1,1,1,1,0.9766,0.6484,1,1
128,1,1,1,1,1,1,1,1,1,1,1,1,1,1,1,1,0.4141,1,1
129,1,1,1,1,0.9688,0.9922,1,1,1,1,1,1,1,1,0.8984,1,0.3047,1,1
130,1,1,1,1,0.9844,1,1,1,1,1,1,0.9766,1,1,0.9844,0.9844,0.3438,1,1
131,1,1,1,1,0.9844,1,1,1,1,1,1,0.9922,1,1,0.9688,0.9922,0.2969,1,1
132,1,1,1,1,0.9922,1,1,1,1,1,1,1,1,1,0.9531,0.9766,0.2812,1,1
133,1,1,1,1,0.9766,1,1,1,1,1,1,1,1,1,0.9141,1,0.2969,1,1
134,0.9766,1,1,1,0.875,1,1,1,1,1,1,0.9766,1,1,0.9375,0.6328,0.1797,0.9375,1
135,1,1,1,1,0.9453,1,1,1,1,1,1,1,1,1,0.8906,0.8203,0.2812,0.9375,1
136,1,1,1,1,1,1,1,1,1,1,1,1,1,1,1,0.9922,0.6094,1,1
137,1,1,1,1,0.9922,1,1,1,1,1,1,0.9844,1,1,0.9531,0.9922,0.2812,1,1
138,1,1,1,1,1,1,1,1,1,1,1,1,1,1,1,1,0.5156,1,1
139,1,1,1,1,1,1,1,1,1,1,1,1,1,1,1,0.9922,0.3359,1,1
140,1,1,1,1,1,1,1,1,1,1,1,1,1,1,1,1,0.4688,1,1
141,1,1,1,1,1,1,1,1,1,1,1,0.9922,1,1,1,1,0.375,1,1
142,1,1,1,1,1,1,1,1,1,1,1,1,1,1,1,1,0.6719,1,1
143,1,1,1,1,1,1,1,1,1,1,1,1,1,1,1,1,0.5703,1,1
144,1,1,1,1,1,1,1,1,1,1,1,1,1,1,0.9844,1,0.3125,1,1
145,1,1,1,1,0.9922,1,1,1,1,1,1,0.9922,1,1,0.9688,1,0.3516,0.9922,1
146,0.9844,1,1,1,0.8125,1,1,1,1,1,1,0.9922,1,1,0.9453,0.5625,0.1641,0.9844,0.9922
147,1,1,1,1,0.9297,0.9922,1,1,1,1,1,1,1,1,0.9531,0.7969,0.2188,0.9766,0.9922
148,0.9922,1,1,1,0.7656,0.9922,1,1,1,1,1,0.9844,1,1,0.9062,0.6016,0.1562,0.9609,1
149,1,1,1,1,0.8672,1,1,1,1,1,1,1,1,1,0.9531,0.8828,0.2578,0.9453,1
150,0.9766,1,1,1,0.4531,0.9688,1,1,1,1,1,0.9453,1,1,0.9375,0.3281,0.07031,0.9062,1
151,0.9766,1,1,1,0.8438,1,1,1,1,1,1,1,1,1,0.9688,0.6875,0.1328,0.9688,1
152,1,1,1,1,0.9844,1,1,1,1,1,1,1,1,1,0.9375,0.9922,0.2422,1,1
153,1,1,1,1,0.9922,1,1,1,1,1,1,1,1,1,1,0.9375,0.3438,1,1
154,1,1,1,1,0.9453,1,1,1,1,1,1,0.9844,1,1,0.9453,0.8125,0.2031,0.9375,0.9922
155,1,1,1,1,0.9688,1,1,1,1,1,1,1,1,1,0.9375,0.7812,0.3047,1,1
156,1,1,1,1,0.9688,1,1,1,1,1,1,0.9922,1,1,0.9375,0.7969,0.1953,0.9766,1
157,1,1,1,1,0.9922,1,1,1,1,1,1,0.9922,1,1,0.9375,0.8359,0.2656,1,1
158,0.9844,1,1,1,0.875,1,1,1,1,1,1,0.9766,1,1,0.8984,0.7031,0.1719,0.9609,1
159,1,1,1,1,0.9844,1,1,1,1,1,1,1,1,1,0.9766,0.9141,0.3047,1,1
160,1,1,1,1,1,1,1,1,1,1,1,1,1,1,1,1,0.5469,1,1
161,1,1,1,1,0.9766,1,1,1,1,1,1,1,1,1,0.9688,1,0.3125,1,1
162,1,1,1,1,1,1,1,1,1,1,1,1,1,1,1,1,0.5,1,1
163,1,1,1,1,1,1,1,1,1,1,1,1,1,1,1,1,0.3906,1,1
164,1,1,1,1,0.9688,1,1,1,1,1,1,1,1,1,0.9609,0.9922,0.3203,1,1
165,1,1,1,1,0.9922,1,1,1,1,1,1,1,1,1,0.9844,0.9141,0.4453,1,1
166,1,1,1,1,0.9453,1,1,1,1,1,1,1,1,1,0.9141,0.7969,0.1797,0.9688,1
167,1,1,1,1,0.9922,1,1,1,1,1,1,0.9922,0.9922,1,0.9297,0.7656,0.2969,1,1
168,1,1,1,1,1,1,1,1,1,1,1,1,1,1,1,1,0.4297,1,1
169,1,1,1,1,0.9297,1,1,1,1,1,1,1,1,1,0.9609,0.8359,0.2344,0.9766,1
170,1,1,1,1,1,1,1,1,1,1,1,1,1,1,1,1,0.6953,1,1
171,1,1,1,1,1,1,1,1,1,1,1,1,1,1,1,1,0.5312,1,1
172,1,1,1,1,1,1,1,1,1,1,1,1,0.9922,1,1,0.9922,0.3359,1,1
173,1,1,1,1,0.9844,1,1,1,1,1,1,1,1,1,0.9453,0.8203,0.3047,1,1
174,1,1,1,1,1,1,1,1,1,1,1,1,1,1,1,1,0.6172,1,1
175,1,1,1,1,1,1,1,1,1,1,1,1,1,1,1,0.9922,0.6406,1,1
176,1,1,1,1,1,1,1,1,1,1,1,1,1,1,1,1,0.5156,1,1
177,1,1,1,1,1,1,1,1,1,1,1,1,0.9922,1,1,1,0.3359,1,1
178,1,1,1,1,1,1,1,1,1,1,1,1,1,1,1,0.9766,0.6641,1,1
179,1,1,1,1,1,1,1,1,1,1,1,0.9922,1,1,1,0.9922,0.5312,1,1
180,1,1,1,1,0.9297,1,1,1,1,1,1,0.9922,1,1,0.8984,0.8359,0.2656,0.9922,1
181,1,1,1,1,0.9688,1,1,1,1,1,1,1,1,1,0.9844,0.8438,0.2656,1,1
182,0.9922,1,1,1,0.8594,1,1,1,1,1,1,0.9844,1,1,0.9375,0.7188,0.2188,0.9531,1
183,1,1,1,1,0.9766,1,1,1,1,1,1,0.9922,1,1,0.9844,0.8594,0.2812,1,1
184,1,1,1,1,1,1,1,1,1,1,1,1,0.9844,1,0.9922,0.9922,0.3203,1,1
185,1,1,1,1,0.9688,1,1,1,1,1,1,1,1,1,0.9297,0.7656,0.2578,1,1
186,1,1,1,1,1,1,1,1,1,1,1,1,1,1,1,1,0.5469,1,1
187,1,1,1,1,1,1,1,1,1,1,1,1,1,1,1,0.9922,0.6797,1,1
188,1,1,1,1,0.9844,1,1,1,1,1,1,1,1,1,0.9688,0.8047,0.3672,1,1
189,0.9922,1,1,1,0.9219,1,1,1,1,1,1,1,1,1,0.9062,0.6641,0.3125,1,1
190,1,1,1,1,0.9844,1,1,1,1,1,1,1,1,1,1,0.875,0.3672,1,1
191,1,1,1,1,0.9844,1,1,1,1,1,1,1,1,1,1,0.9922,0.6797,1,1
192,1,1,1,1,1,1,1,1,1,1,1,1,1,1,1,1,0.5547,1,1
193,1,1,1,1,0.9688,1,1,1,1,1,1,1,0.9922,1,1,1,0.3516,1,1
194,1,1,1,1,0.9844,1,1,1,1,1,1,0.9922,1,1,0.9297,1,0.4062,1,1
195,1,1,1,1,1,1,1,1,1,1,1,1,1,1,0.9844,0.9062,0.375,1,1
196,1,1,1,1,1,1,1,1,1,1,1,1,1,1,1,1,0.5547,1,1
197,1,1,1,1,1,1,1,1,1,1,1,1,1,1,1,1,0.3594,1,1
198,0.9922,1,1,1,0.9141,1,1,1,1,1,1,0.9844,1,1,0.9375,0.8516,0.2031,0.9844,0.9922
199,1,1,1,1,0.9688,1,1,1,1,1,1,0.9922,1,1,0.9766,0.8438,0.2578,1,1
200,1,1,1,1,1,1,1,1,1,1,1,1,1,1,1,1,0.5781,1,1
201,1,1,1,1,0.8984,1,1,1,1,1,1,0.9922,1,1,0.9453,0.875,0.2812,0.9297,1
202,1,1,1,1,1,1,1,1,1,1,1,0.9922,1,1,1,0.9922,0.3672,1,1
203,1,1,1,1,0.9531,1,1,1,1,1,1,0.9922,1,1,0.9766,0.8359,0.2578,1,1
204,1,1,1,1,1,1,1,1,1,1,1,1,1,1,1,1,0.7266,1,1
205,1,1,1,1,1,1,1,1,1,1,1,0.9922,1,1,1,1,0.5703,1,1
206,1,1,1,1,1,1,1,1,1,1,1,1,1,1,1,1,0.5391,1,1
207,1,1,1,1,1,1,1,1,1,1,1,1,1,1,1,1,0.7734,1,1
208,1,1,1,1,1,1,1,1,1,1,1,1,1,1,1,0.9922,0.5859,1,1
209,1,1,1,1,1,1,1,1,1,1,1,1,1,1,0.9844,0.9922,0.3672,1,1
210,1,1,1,1,0.8984,1,1,1,1,1,1,0.9922,1,1,0.8516,0.8047,0.2109,1,1
211,1,1,1,1,0.9844,1,1,1,1,1,1,1,1,1,0.9688,0.8594,0.3047,1,1
212,1,1,1,1,1,1,1,1,1,1,1,1,1,1,1,0.9844,0.625,1,1
213,1,1,1,1,1,1,1,1,1,1,1,1,1,1,1,0.9844,0.5469,1,1
214,1,1,1,1,0.8594,1,1,1,1,1,1,0.9922,1,1,0.9297,0.7734,0.1719,0.9609,1
215,1,1,1,1,0.9844,1,1,1,1,1,1,0.9922,1,1,0.9922,0.8594,0.3125,1,1
216,1,1,1,1,1,1,1,1,1,1,1,0.9922,1,1,1,1,0.3828,1,1
217,1,1,1,1,0.9609,1,1,1,1,1,1,1,1,1,0.9531,0.7734,0.2188,1,1
218,1,1,1,1,0.9766,1,1,1,1,1,1,1,1,1,0.9766,0.7891,0.2578,1,1
219,1,1,1,1,0.9531,1,1,1,1,1,1,0.9844,1,1,0.9219,0.6641,0.3438,1,1
220,1,1,1,1,1,1,1,1,1,1,1,1,1,1,1,1,0.5547,1,1
221,1,1,1,1,1,1,1,1,1,1,1,1,1,1,1,0.9922,0.6406,1,1
222,1,1,1,1,1,1,1,1,1,1,1,1,1,1,0.9844,0.8438,0.3672,1,1
223,1,1,1,1,0.9922,1,1,1,1,1,1,1,1,1,1,0.9844,0.6484,1,1
224,1,1,1,1,1,1,1,1,1,1,1,1,1,1,1,1,0.5547,1,1
225,1,1,1,1,0.9297,1,1,1,1,1,1,1,1,1,0.8984,0.8359,0.2656,0.9609,1
226,1,1,1,1,1,1,1,1,1,1,1,1,1,1,0.9844,0.9922,0.3594,1,1
227,1,1,1,1,0.9766,1,1,1,1,1,1,1,1,1,0.9453,0.8359,0.3203,1,1
228,1,1,1,1,1,1,1,1,1,1,1,0.9922,1,1,1,1,0.3281,1,1
229,1,1,1,1,0.9609,1,1,1,1,1,1,0.9922,1,1,0.9375,0.7969,0.2656,1,1
230,1,1,1,1,0.9844,1,1,1,1,1,1,0.9922,1,1,0.9453,0.7812,0.3828,1,1
231,1,1,1,1,0.9688,1,1,1,1,1,1,0.9922,1,1,0.8672,0.6562,0.3047,1,1
232,1,1,1,1,1,1,1,1,1,1,1,1,1,1,1,0.9766,0.5703,1,1
233,0.9922,1,1,1,0.8047,1,1,1,1,1,1,1,1,1,0.9219,0.7422,0.1562,0.9844,1
234,1,1,1,1,1,1,1,1,1,1,1,1,1,1,1,1,0.5312,1,1
235,1,1,1,1,0.9922,1,1,1,1,1,1,0.9844,1,1,1,0.8594,0.3516,1,1
236,1,1,1,1,1,1,1,1,1,1,1,1,1,1,1,1,0.5391,1,1
237,1,1,1,1,0.9844,1,1,1,1,1,1,1,1,1,0.9844,0.8438,0.3984,1,1
238,1,1,1,1,1,1,1,1,1,1,1,1,1,1,1,1,0.6953,1,1
239,1,1,1,1,0.9766,1,1,1,1,1,1,1,1,1,1,0.9844,0.7188,1,1
240,1,1,1,1,1,1,1,1,1,1,1,1,1,1,1,1,0.6719,1,1
241,1,1,1,1,1,1,1,1,1,1,1,1,1,1,1,1,0.4844,1,1
242,1,1,1,1,1,1,1,1,1,1,1,1,1,1,1,1,0.6328,1,1
243,1,1,1,1,1,1,1,1,1,1,1,1,1,1,1,1,0.6172,1,1
244,1,1,1,1,1,1,1,1,1,1,1,1,1,1,1,1,0.5234,1,1
245,1,1,1,1,1,1,1,1,1,1,1,1,1,1,1,0.9922,0.625,1,1
246,1,1,1,1,1,1,1,1,1,1,1,1,1,1,0.9922,0.8594,0.3203,1,1
247,1,1,1,1,0.9766,1,1,1,1,1,1,1,1,1,1,0.9609,0.7109,1,1
248,1,1,1,1,1,1,1,1,1,1,1,1,1,1,1,1,0.5625,1,1
249,1,1,1,1,0.9766,1,1,1,1,1,1,1,1,1,1,0.9062,0.2734,1,1
250,1,1,1,1,1,1,1,1,1,1,1,1,1,1,1,0.9922,0.6172,1,1
251,1,1,1,1,1,1,1,1,1,1,1,1,1,1,1,0.9844,0.6641,1,1
252,1,1,1,1,1,1,1,1,1,1,1,1,1,1,1,1,0.6484,1,1
253,1,1,1,1,0.9766,1,1,1,1,1,1,1,1,1,1,0.9922,0.6641,1,1
254,1,1,1,1,0.9844,1,1,1,1,1,1,1,1,1,1,0.9922,0.6562,1,1
255,1,1,1,1,1,1,1,1,1,1,1,1,1,1,1,1,0.7969,1,1
