config,n,rules,seeds,width,depth,params,success,ci_lo,ci_hi,success_f000_0,success_f000_1,exact_ever,persist,rules_all_seeds,rules_ge90,rules_zero,min_rule_success,cl_exact,cl_given_exact,cert_given_exact,median_first_exact,p90_first_exact,margin_exact,dead_l1_init,dead_l1_final,stuck_out_final,err000_given_fail_odd,template_given_exact,cover_pure_exact,t_equiv,cpu_s_per_1k,T,frames,curriculum,ste,head,enc,act,bias_init,lr,data,batch,steps,pretrain,pretrain_restarts,pretrain_none_passed
rm_lr0.001,32768,256,128,8,0,41,0.9987,0.9982,0.999,0.999,0.9983,0.9987,0.9921,0.9258,1,0,0.9062,0.9643,0.9656,0.4024,512,1088,0.488,0,0.005371,0,0.1429,0,0.01066,0.9987,29.55,1,all,False,False,sigmoid_bce,pm1,softplus,0,0.001,random,64,2560,False,,
rm_lr0.02,32768,256,128,8,0,41,1,0.9999,1,1,1,1,1,1,1,0,1,1,1,1,64,128,0.5,0,0.01413,0,,0,0.02808,1,29.13,1,all,False,False,sigmoid_bce,pm1,softplus,0,0.02,random,64,2560,False,,
rm_lr0.05,32768,256,128,8,0,41,1,0.9999,1,1,1,1,1,1,1,0,1,1,1,1,64,64,0.5,0,0.05792,0,,0,0.07745,1,27.68,1,all,False,False,sigmoid_bce,pm1,softplus,0,0.05,random,64,2560,False,,
rm_lr0.1,32768,256,128,8,0,41,1,0.9999,1,1,1,1,1,1,1,0,1,1,1,1,64,64,0.5,0,0.1401,0,,0,0.1539,1,28.76,1,all,False,False,sigmoid_bce,pm1,softplus,0,0.1,random,64,2560,False,,
rm_steps320,32768,256,128,8,0,41,0.9706,0.9687,0.9724,0.9724,0.9689,0.9707,0.9675,0.4922,0.9102,0,0.4062,0.597,0.6151,0.06666,128,224,0.4488,0,0.0065,0,0.1686,0,0.01292,0.9706,15.95,1,all,False,False,sigmoid_bce,pm1,softplus,0,0.005,random,64,320,False,,
rm_steps640,32768,256,128,8,0,41,0.9994,0.9991,0.9996,0.9994,0.9995,0.9995,0.9958,0.957,1,0,0.9688,0.981,0.9815,0.5415,128,256,0.4911,0,0.005951,0,0.2222,0,0.01197,0.9994,17.92,1,all,False,False,sigmoid_bce,pm1,softplus,0,0.005,random,64,640,False,,
rm_steps1280,32768,256,128,8,0,41,1,0.9999,1,1,1,1,0.9994,1,1,0,1,0.9996,0.9996,0.9797,128,256,0.4982,0,0.006958,0,,0,0.01382,1,21.29,1,all,False,False,sigmoid_bce,pm1,softplus,0,0.005,random,64,1280,False,,
rm_full,32768,256,128,8,0,41,1,0.9998,1,1,0.9999,1,0.9996,0.9961,1,0,0.9922,1,1,0.9961,128,256,0.4996,0,0.007477,0,0,0,0.01477,1,28.81,1,all,False,False,sigmoid_bce,pm1,softplus,0,0.005,full,64,2560,False,,
rm_batch1,32768,256,128,8,0,41,1,0.9999,1,1,1,1,0.9981,1,1,0,1,0.9998,0.9998,0.9886,192,384,0.4993,0,0.00589,0,,0,0.01514,1,31.31,1,all,False,False,sigmoid_bce,pm1,softplus,0,0.005,random,1,2560,False,,
rm_batch8,32768,256,128,8,0,41,1,0.9999,1,1,1,1,0.999,1,1,0,1,1,1,0.996,128,256,0.4996,0,0.006073,0,,0,0.01422,1,31.17,1,all,False,False,sigmoid_bce,pm1,softplus,0,0.005,random,8,2560,False,,
rm_pretrain,32768,256,128,8,0,41,1,0.9999,1,1,1,1,0.9999,1,1,0,1,1,1,1,64,128,0.4999,0.0006104,0.002014,0,,0,0.007568,1,51.49,1,all,False,False,sigmoid_bce,pm1,softplus,0,0.005,random,64,2560,True,31.85,0.9929
rm_relu,32768,256,128,8,0,41,0.9968,0.9961,0.9974,0.996,0.9976,0.9968,0.9966,0.7227,1,0,0.9453,0.9954,0.9986,0.8758,128,192,0.4996,0,0.06049,0,0.125,0,0.06206,0.9968,21,1,all,False,False,sigmoid_bce,pm1,relu,0,0.005,random,64,2560,False,,
rm_leaky,32768,256,128,8,0,41,0.9996,0.9993,0.9998,0.9995,0.9998,0.9996,0.9991,0.957,1,0,0.9844,0.9995,0.9999,0.9927,128,192,0.4996,0,0.04376,0,0.5,0,0.06469,0.9996,20.86,1,all,False,False,sigmoid_bce,pm1,leaky_relu,0,0.005,random,64,2560,False,,
rm_linear_mse,32768,256,128,8,0,41,1,0.9999,1,1,1,1,0.9981,1,1,0,1,0.0899,0.0899,0,128,256,0.5,0,0.003143,0,,0,0.1805,1,27.26,1,all,False,False,linear_mse,pm1,softplus,0,0.005,random,64,2560,False,,
rm_sigmoid_mse,32768,256,128,8,0,41,0.9753,0.9735,0.9769,0.9749,0.9756,0.9753,0.975,0.5117,0.957,0,0.8516,0.9752,0.9999,0.7064,128,256,0.4923,0,0.007782,0,0.12,0,0.01574,0.9753,28.85,1,all,False,False,sigmoid_mse,pm1,softplus,0,0.005,random,64,2560,False,,
rm_tanh_mse,32768,256,128,8,0,41,0.9216,0.9186,0.9245,0.9312,0.912,0.9216,0.9211,0.4023,0.6797,0,0.2734,0.1716,0.1862,0.004239,128,320,0.4897,0,0.005188,0,0.0006935,0,0.0499,0.9216,28.1,1,all,False,False,tanh_mse,pm1,softplus,0,0.005,random,64,2560,False,,
rm_relu_tanh_mse,32768,256,128,8,0,41,0.4123,0.407,0.4177,0.4055,0.4191,0.4123,0.4123,0.003906,0.003906,0,0.02344,0.1916,0.4647,0.02635,128,384,0.4935,0,0.002716,1.416,0.6063,0,0.01007,0.4123,23.6,1,all,False,False,relu_tanh_mse,pm1,softplus,0,0.005,random,64,2560,False,,
rm_width4,32768,256,128,4,0,21,0.9932,0.9923,0.9941,0.9936,0.9929,0.9932,0.9906,0.8242,0.9961,0,0.875,0.993,0.9998,0.9226,256,512,0.4992,0,0.00766,0,0.2137,,0.01456,0.9932,23.04,1,all,False,False,sigmoid_bce,pm1,softplus,0,0.005,random,64,2560,False,,
rm_width6,32768,256,128,6,0,31,0.9998,0.9996,0.9999,0.9998,0.9999,0.9998,0.9984,0.9805,1,0,0.9922,0.9998,1,0.9843,192,320,0.4995,0,0.006622,0,0,,0.0163,0.9998,28.22,1,all,False,False,sigmoid_bce,pm1,softplus,0,0.005,random,64,2560,False,,
