config,n,rules,seeds,width,depth,params,success,ci_lo,ci_hi,success_f000_0,success_f000_1,exact_ever,persist,rules_all_seeds,rules_ge90,rules_zero,min_rule_success,cl_exact,cl_given_exact,cert_given_exact,median_first_exact,p90_first_exact,margin_exact,dead_l1_init,dead_l1_final,stuck_out_final,err000_given_fail_odd,template_given_exact,cover_pure_exact,t_equiv,cpu_s_per_1k,T,frames,curriculum,ste,head,enc,act,bias_init,lr,data,batch,steps,pretrain
relu_tanh_mse_01_b0.0_relu,32768,256,128,8,0,41,0.4649,0.4595,0.4703,0.4789,0.4509,0.4649,0.4648,0.003906,0.003906,0.003906,0,0.1544,0.3322,0.01503,128,256,0.4902,0.9897,1.35,1.41,0.6923,0,0.3788,0.4649,19.13,1,all,False,False,relu_tanh_mse,01,relu,0,0.005,random,64,2560,False
relu_tanh_mse_01_b0.0_leaky_relu,32768,256,128,8,0,41,0.4565,0.4511,0.4619,0.473,0.44,0.4565,0.4563,0.003906,0.003906,0.003906,0,0.1534,0.3361,0.01544,128,256,0.4909,1.003,0.8903,1.385,0.6812,0,0.4846,0.4565,18.23,1,all,False,False,relu_tanh_mse,01,leaky_relu,0,0.005,random,64,2560,False
relu_tanh_mse_01_b0.0_softplus,32768,256,128,8,0,41,0.4855,0.4801,0.4909,0.4717,0.4993,0.4855,0.4852,0.003906,0.003906,0,0.1562,0.1715,0.3533,0.01339,128,384,0.4904,1.009,0.5645,1.569,0.7884,0,0.4002,0.4855,24.96,1,all,False,False,relu_tanh_mse,01,softplus,0,0.005,random,64,2560,False
relu_tanh_mse_01_b0.1_relu,32768,256,128,8,0,41,0.4986,0.4932,0.504,0.4594,0.5379,0.4986,0.4984,0.003906,0.003906,0,0.2031,0.1697,0.3404,0.01506,128,256,0.4911,0,0.4019,1.344,0.636,0,0.4855,0.4986,18.17,1,all,False,False,relu_tanh_mse,01,relu,0.1,0.005,random,64,2560,False
relu_tanh_mse_01_b0.1_leaky_relu,32768,256,128,8,0,41,0.4976,0.4922,0.503,0.4676,0.5276,0.4976,0.4974,0.003906,0.003906,0,0.1719,0.1655,0.3325,0.01521,128,256,0.491,0,0.3792,1.282,0.5643,0,0.4444,0.4976,18.43,1,all,False,False,relu_tanh_mse,01,leaky_relu,0.1,0.005,random,64,2560,False
relu_tanh_mse_01_b0.1_softplus,32768,256,128,8,0,41,0.4772,0.4718,0.4826,0.4555,0.499,0.4772,0.4768,0.003906,0.003906,0,0.1328,0.1645,0.3447,0.014,128,384,0.4903,0,0.1596,1.578,0.7745,0,0.3495,0.4772,23.6,1,all,False,False,relu_tanh_mse,01,softplus,0.1,0.005,random,64,2560,False
relu_tanh_mse_pm1_b0.0_relu,32768,256,128,8,0,41,0.3531,0.348,0.3583,0.3499,0.3564,0.3531,0.3531,0.003906,0.003906,0,0.007812,0.2116,0.5991,0.05634,64,640,0.4941,0,0.01312,1.36,0.5214,0,0.02964,0.3531,17.98,1,all,False,False,relu_tanh_mse,pm1,relu,0,0.005,random,64,2560,False
relu_tanh_mse_pm1_b0.0_leaky_relu,32768,256,128,8,0,41,0.3223,0.3173,0.3274,0.3366,0.308,0.3223,0.3223,0.003906,0.003906,0,0.01562,0.1886,0.5852,0.0606,64,640,0.4941,0,0.01205,1.32,0.4742,0,0.02935,0.3223,17.47,1,all,False,False,relu_tanh_mse,pm1,leaky_relu,0,0.005,random,64,2560,False
relu_tanh_mse_pm1_b0.0_softplus,32768,256,128,8,0,41,0.4154,0.4101,0.4208,0.4125,0.4183,0.4154,0.4154,0.003906,0.003906,0,0.03125,0.1932,0.4651,0.02696,128,384,0.4934,0,0.003815,1.4,0.6034,0,0.01087,0.4154,24.7,1,all,False,False,relu_tanh_mse,pm1,softplus,0,0.005,random,64,2560,False
relu_tanh_mse_pm1_b0.1_relu,32768,256,128,8,0,41,0.3567,0.3515,0.3619,0.3507,0.3626,0.3567,0.3567,0.003906,0.003906,0,0.02344,0.2093,0.5868,0.06221,64,704,0.4941,0,0.004395,1.374,0.5299,0,0.01292,0.3567,18.17,1,all,False,False,relu_tanh_mse,pm1,relu,0.1,0.005,random,64,2560,False
relu_tanh_mse_pm1_b0.1_leaky_relu,32768,256,128,8,0,41,0.329,0.324,0.3341,0.3361,0.322,0.329,0.329,0.003906,0.003906,0,0.01562,0.1892,0.5749,0.0601,96,704,0.4941,0,0.003662,1.328,0.4829,0,0.0102,0.329,19.4,1,all,False,False,relu_tanh_mse,pm1,leaky_relu,0.1,0.005,random,64,2560,False
relu_tanh_mse_pm1_b0.1_softplus,32768,256,128,8,0,41,0.4079,0.4026,0.4133,0.4036,0.4123,0.4079,0.4079,0.003906,0.003906,0,0.05469,0.1891,0.4636,0.02798,128,448,0.4934,0,0.00116,1.43,0.6057,0,0.002319,0.4079,25.21,1,all,False,False,relu_tanh_mse,pm1,softplus,0.1,0.005,random,64,2560,False
sigmoid_bce_01_b0.0_relu,32768,256,128,8,0,41,0.9833,0.9818,0.9846,0.9829,0.9836,0.9833,0.9805,0.4609,0.9688,0,0.8125,0.9793,0.9959,0.8113,128,320,0.4988,1,1.7,0,0.2761,0,0.179,0.9833,21.47,1,all,False,False,sigmoid_bce,01,relu,0,0.005,random,64,2560,False
sigmoid_bce_01_b0.0_leaky_relu,32768,256,128,8,0,41,0.9986,0.9982,0.999,0.9984,0.9988,0.9986,0.9961,0.9453,0.9961,0,0.8672,0.9984,0.9998,0.9656,192,320,0.4991,0.9907,0.7426,0,0.05263,0,0.3019,0.9986,23.18,1,all,False,False,sigmoid_bce,01,leaky_relu,0,0.005,random,64,2560,False
sigmoid_bce_01_b0.0_softplus,32768,256,128,8,0,41,0.9999,0.9998,1,0.9999,1,0.9999,0.9982,0.9961,1,0,0.9844,0.9998,0.9999,0.9929,256,512,0.4992,0.9951,0.194,0,,0,0.2174,0.9999,29.73,1,all,False,False,sigmoid_bce,01,softplus,0,0.005,random,64,2560,False
sigmoid_bce_01_b0.1_relu,32768,256,128,8,0,41,0.9946,0.9937,0.9953,0.9948,0.9944,0.9946,0.9925,0.6914,0.9883,0,0.8672,0.9932,0.9986,0.9091,128,256,0.4991,0,0.7663,0,0.05495,0,0.2233,0.9946,20.92,1,all,False,False,sigmoid_bce,01,relu,0.1,0.005,random,64,2560,False
sigmoid_bce_01_b0.1_leaky_relu,32768,256,128,8,0,41,0.9978,0.9972,0.9983,0.9979,0.9977,0.9978,0.9963,0.8906,0.9922,0,0.8672,0.9977,0.9999,0.9669,128,320,0.4991,0,0.4934,0,0,0,0.2862,0.9978,22.62,1,all,False,False,sigmoid_bce,01,leaky_relu,0.1,0.005,random,64,2560,False
sigmoid_bce_01_b0.1_softplus,32768,256,128,8,0,41,1,0.9998,1,0.9999,1,1,0.9983,0.9961,1,0,0.9922,0.9998,0.9998,0.9917,256,512,0.4992,0,0.1429,0,,0,0.1988,1,30.77,1,all,False,False,sigmoid_bce,01,softplus,0.1,0.005,random,64,2560,False
sigmoid_bce_pm1_b0.0_relu,32768,256,128,8,0,41,0.9968,0.9962,0.9974,0.9972,0.9965,0.9968,0.9966,0.6992,1,0,0.9688,0.9955,0.9986,0.8729,128,192,0.4996,0,0.06122,0,0.1379,0,0.0631,0.9968,21.9,1,all,False,False,sigmoid_bce,pm1,relu,0,0.005,random,64,2560,False
sigmoid_bce_pm1_b0.0_leaky_relu,32768,256,128,8,0,41,0.9998,0.9995,0.9999,0.9997,0.9998,0.9998,0.9992,0.9805,1,0,0.9766,0.9997,0.9999,0.9925,128,192,0.4996,0,0.0448,0,0.3333,0,0.06453,0.9998,21.85,1,all,False,False,sigmoid_bce,pm1,leaky_relu,0,0.005,random,64,2560,False
sigmoid_bce_pm1_b0.0_softplus,32768,256,128,8,0,41,1,0.9999,1,1,1,1,0.9992,1,1,0,1,1,1,0.9963,128,256,0.4996,0,0.006714,0,,0,0.01447,1,30.93,1,all,False,False,sigmoid_bce,pm1,softplus,0,0.005,random,64,2560,False
sigmoid_bce_pm1_b0.1_relu,32768,256,128,8,0,41,0.9978,0.9972,0.9983,0.998,0.9976,0.9978,0.9977,0.7617,1,0,0.9766,0.9965,0.9987,0.9002,128,192,0.4996,0,0.02628,0,0.1538,0,0.03609,0.9978,22.29,1,all,False,False,sigmoid_bce,pm1,relu,0.1,0.005,random,64,2560,False
sigmoid_bce_pm1_b0.1_leaky_relu,32768,256,128,8,0,41,0.9999,0.9997,1,0.9999,0.9999,0.9999,0.9991,0.9883,1,0,0.9922,0.9998,0.9999,0.9915,128,192,0.4996,0,0.02136,0,0,0,0.03702,0.9999,22.03,1,all,False,False,sigmoid_bce,pm1,leaky_relu,0.1,0.005,random,64,2560,False
sigmoid_bce_pm1_b0.1_softplus,32768,256,128,8,0,41,1,0.9999,1,1,1,1,0.9995,1,1,0,1,1,1,0.9961,128,256,0.4996,0,0.002594,0,,0,0.005493,1,29.84,1,all,False,False,sigmoid_bce,pm1,softplus,0.1,0.005,random,64,2560,False
sigmoid_mse_01_b0.0_relu,32768,256,128,8,0,41,0.9772,0.9755,0.9787,0.9768,0.9775,0.9772,0.9753,0.4414,0.9492,0,0.8281,0.9568,0.9792,0.2372,128,256,0.4864,1.005,1.689,0,0.1875,0,0.2183,0.9772,21.21,1,all,False,False,sigmoid_mse,01,relu,0,0.005,random,64,2560,False
sigmoid_mse_01_b0.0_leaky_relu,32768,256,128,8,0,41,0.989,0.9878,0.99,0.9883,0.9896,0.989,0.9876,0.6367,0.9922,0,0.8281,0.9865,0.9975,0.2998,128,256,0.4882,1.001,0.7714,0,0,0,0.3429,0.989,23.23,1,all,False,False,sigmoid_mse,01,leaky_relu,0,0.005,random,64,2560,False
sigmoid_mse_01_b0.0_softplus,32768,256,128,8,0,41,0.9593,0.9571,0.9614,0.959,0.9596,0.9593,0.9585,0.6172,0.8359,0,0.5781,0.9569,0.9976,0.2988,192,448,0.4887,1,0.2327,0,0.03625,0,0.251,0.9593,30.12,1,all,False,False,sigmoid_mse,01,softplus,0,0.005,random,64,2560,False
sigmoid_mse_01_b0.1_relu,32768,256,128,8,0,41,0.9878,0.9865,0.9889,0.9894,0.9862,0.9878,0.9868,0.582,0.9961,0,0.8828,0.9786,0.9907,0.3054,128,256,0.4882,0,0.7343,0,0.00885,0,0.2834,0.9878,22.71,1,all,False,False,sigmoid_mse,01,relu,0.1,0.005,random,64,2560,False
sigmoid_mse_01_b0.1_leaky_relu,32768,256,128,8,0,41,0.9861,0.9848,0.9873,0.9869,0.9853,0.9861,0.9852,0.6289,0.9805,0,0.8516,0.9835,0.9974,0.2907,128,256,0.4882,0,0.509,0,0.004149,0,0.3304,0.9861,23.25,1,all,False,False,sigmoid_mse,01,leaky_relu,0.1,0.005,random,64,2560,False
sigmoid_mse_01_b0.1_softplus,32768,256,128,8,0,41,0.9461,0.9436,0.9485,0.9467,0.9456,0.9461,0.9452,0.582,0.7695,0,0.5234,0.943,0.9967,0.2901,192,448,0.4885,0,0.1765,0,0.04153,0,0.2271,0.9461,29.92,1,all,False,False,sigmoid_mse,01,softplus,0.1,0.005,random,64,2560,False
sigmoid_mse_pm1_b0.0_relu,32768,256,128,8,0,41,0.9828,0.9813,0.9841,0.9834,0.9822,0.9828,0.9827,0.5586,0.957,0,0.7109,0.9759,0.993,0.5684,128,128,0.492,0,0.04492,0,0.1096,0,0.05428,0.9828,21.86,1,all,False,False,sigmoid_mse,pm1,relu,0,0.005,random,64,2560,False
sigmoid_mse_pm1_b0.0_leaky_relu,32768,256,128,8,0,41,0.9809,0.9794,0.9823,0.9799,0.9819,0.9809,0.9808,0.5195,0.9688,0,0.7578,0.9806,0.9997,0.5225,128,192,0.4919,0,0.03598,0,0.1385,0,0.05886,0.9809,22.18,1,all,False,False,sigmoid_mse,pm1,leaky_relu,0,0.005,random,64,2560,False
sigmoid_mse_pm1_b0.0_softplus,32768,256,128,8,0,41,0.9764,0.9747,0.978,0.9778,0.9749,0.9764,0.9761,0.4922,0.9688,0,0.8203,0.9763,0.9999,0.7078,128,256,0.4923,0,0.006836,0,0.1119,0,0.01597,0.9764,30.48,1,all,False,False,sigmoid_mse,pm1,softplus,0,0.005,random,64,2560,False
sigmoid_mse_pm1_b0.1_relu,32768,256,128,8,0,41,0.98,0.9784,0.9815,0.9786,0.9814,0.98,0.9799,0.5117,0.9453,0,0.6719,0.973,0.9928,0.5678,128,128,0.492,0,0.02005,0,0.1213,0,0.02768,0.98,22.77,1,all,False,False,sigmoid_mse,pm1,relu,0.1,0.005,random,64,2560,False
sigmoid_mse_pm1_b0.1_leaky_relu,32768,256,128,8,0,41,0.9758,0.974,0.9774,0.9752,0.9764,0.9758,0.9757,0.5156,0.9336,0,0.625,0.9754,0.9996,0.5193,128,192,0.4919,0,0.01443,0,0.1085,0,0.02977,0.9758,22.43,1,all,False,False,sigmoid_mse,pm1,leaky_relu,0.1,0.005,random,64,2560,False
sigmoid_mse_pm1_b0.1_softplus,32768,256,128,8,0,41,0.9708,0.9689,0.9726,0.9711,0.9705,0.9708,0.9705,0.4883,0.9102,0,0.8281,0.9707,0.9999,0.6947,128,256,0.4922,0,0.002991,0,0.1242,0,0.007293,0.9708,30.78,1,all,False,False,sigmoid_mse,pm1,softplus,0.1,0.005,random,64,2560,False
linear_mse_01_b0.0_relu,32768,256,128,8,0,41,0.9765,0.9748,0.9781,0.9785,0.9744,0.9767,0.974,0.2344,0.9727,0,0.7969,0.1682,0.1722,0.00025,128,320,0.5,1.006,1.698,0,0.2196,0,0.4155,0.9765,23.34,1,all,False,False,linear_mse,01,relu,0,0.005,random,64,2560,False
linear_mse_01_b0.0_leaky_relu,32768,256,128,8,0,41,0.9938,0.9929,0.9946,0.994,0.9937,0.9939,0.9915,0.7266,0.9961,0,0.8984,0.1766,0.1777,6.142e-05,128,320,0.5,0.9971,1.063,0,0.03846,0,0.6138,0.9938,24.24,1,all,False,False,linear_mse,01,leaky_relu,0,0.005,random,64,2560,False
linear_mse_01_b0.0_softplus,32768,256,128,8,0,41,0.9991,0.9988,0.9994,0.9994,0.9989,0.9991,0.9881,0.957,0.9961,0,0.8984,0.0755,0.07557,0.0001222,256,704,0.4979,0.9972,0.4467,0,0.05556,0,1.101,0.9991,30.49,1,all,False,False,linear_mse,01,softplus,0,0.005,random,64,2560,False
linear_mse_01_b0.1_relu,32768,256,128,8,0,41,0.9885,0.9872,0.9896,0.9883,0.9886,0.9886,0.987,0.5039,0.9883,0,0.8672,0.1729,0.1749,3.087e-05,128,256,0.5,0,0.8114,0,0.01604,0,0.5616,0.9885,23.42,1,all,False,False,linear_mse,01,relu,0.1,0.005,random,64,2560,False
linear_mse_01_b0.1_leaky_relu,32768,256,128,8,0,41,0.9934,0.9925,0.9942,0.9943,0.9926,0.9937,0.9909,0.707,0.9922,0,0.8828,0.1705,0.1717,6.144e-05,128,320,0.5,0,0.7191,0,0.008197,0,0.5622,0.9934,23.39,1,all,False,False,linear_mse,01,leaky_relu,0.1,0.005,random,64,2560,False
linear_mse_01_b0.1_softplus,32768,256,128,8,0,41,0.9985,0.998,0.9988,0.9985,0.9985,0.9985,0.9845,0.9492,0.9922,0,0.8672,0.07489,0.075,6.113e-05,256,768,0.4972,0,0.2946,0,0.12,0,1.002,0.9985,30.05,1,all,False,False,linear_mse,01,softplus,0.1,0.005,random,64,2560,False
linear_mse_pm1_b0.0_relu,32768,256,128,8,0,41,0.993,0.992,0.9938,0.9934,0.9925,0.993,0.9926,0.4531,1,0,0.9609,0.1602,0.1614,0,128,192,0.5,0,0.03159,0,0.122,0,0.08403,0.993,25.24,1,all,False,False,linear_mse,pm1,relu,0,0.005,random,64,2560,False
linear_mse_pm1_b0.0_leaky_relu,32768,256,128,8,0,41,0.9994,0.9991,0.9996,0.9994,0.9994,0.9994,0.9981,0.9336,1,0,0.9766,0.15,0.1501,0,128,192,0.5,0,0.01956,0,0.2,0,0.08758,0.9994,23.44,1,all,False,False,linear_mse,pm1,leaky_relu,0,0.005,random,64,2560,False
linear_mse_pm1_b0.0_softplus,32768,256,128,8,0,41,1,0.9998,1,1,0.9999,1,0.998,0.9961,1,0,0.9922,0.09012,0.09012,0,128,256,0.5,0,0.003235,0,0,0,0.1784,1,31.16,1,all,False,False,linear_mse,pm1,softplus,0,0.005,random,64,2560,False
linear_mse_pm1_b0.1_relu,32768,256,128,8,0,41,0.9964,0.9957,0.997,0.9966,0.9962,0.9964,0.9959,0.6523,1,0,0.9609,0.1598,0.1604,0,128,192,0.5,0,0.009338,0,0.1429,0,0.04965,0.9964,23.83,1,all,False,False,linear_mse,pm1,relu,0.1,0.005,random,64,2560,False
linear_mse_pm1_b0.1_leaky_relu,32768,256,128,8,0,41,0.9991,0.9988,0.9994,0.9991,0.9992,0.9993,0.9982,0.9102,1,0,0.9766,0.1525,0.1526,0,128,192,0.5,0,0.005188,0,0.3077,0,0.04853,0.9991,23.42,1,all,False,False,linear_mse,pm1,leaky_relu,0.1,0.005,random,64,2560,False
linear_mse_pm1_b0.1_softplus,32768,256,128,8,0,41,1,0.9999,1,1,1,1,0.9981,1,1,0,1,0.08893,0.08893,0,128,256,0.4999,0,0.0007324,0,,0,0.1449,1,31.93,1,all,False,False,linear_mse,pm1,softplus,0.1,0.005,random,64,2560,False
