config,"f000=0,f111=0","f000=0,f111=1","f000=1,f111=0","f000=1,f111=1",linearly separable,not separable,affine (XOR-type),Wolfram 1,Wolfram 2,Wolfram 3,Wolfram 4
relu_tanh_mse_H8_D0,0.4346,0.5547,0.4287,0.46,0.6178,0.368,0.6094,0.638,0.4788,0.3365,0.2991
relu_tanh_mse_H8_D1,0.4785,0.5557,0.4688,0.5059,0.5853,0.4453,0.543,0.5703,0.5059,0.4784,0.3795
relu_tanh_mse_H8_D2,0.5088,0.5713,0.4922,0.5273,0.5889,0.4811,0.5508,0.6094,0.5299,0.4688,0.4152
relu_tanh_mse_H16_D0,0.4414,0.5703,0.4375,0.4795,0.6346,0.3779,0.5586,0.6406,0.4938,0.363,0.2723
relu_tanh_mse_H16_D1,0.4795,0.5586,0.4619,0.5234,0.6052,0.4379,0.5938,0.6302,0.5208,0.3798,0.3214
relu_tanh_mse_H16_D2,0.4658,0.5654,0.4902,0.5205,0.5829,0.4609,0.582,0.6172,0.5218,0.4038,0.3705
relu_tanh_mse_H32_D0,0.4502,0.5664,0.4727,0.5,0.6466,0.3951,0.5508,0.5964,0.5166,0.3726,0.2946
relu_tanh_mse_H32_D1,0.4629,0.5742,0.4551,0.5273,0.6202,0.426,0.5234,0.6068,0.5186,0.375,0.3839
relu_tanh_mse_H32_D2,0.5176,0.584,0.4531,0.5137,0.6094,0.4539,0.4922,0.6042,0.528,0.4375,0.3661
relu_tanh_mse_H64_D0,0.4961,0.6016,0.4531,0.5117,0.6587,0.4178,0.5469,0.6458,0.5391,0.3606,0.2589
relu_tanh_mse_H64_D1,0.5039,0.5781,0.4297,0.4824,0.6178,0.4169,0.5469,0.6042,0.515,0.375,0.3214
relu_tanh_mse_H64_D2,0.4629,0.6094,0.4121,0.4941,0.5685,0.4441,0.5469,0.5833,0.5091,0.375,0.3661
sigmoid_bce_H8_D0,0.9805,0.9883,0.9824,0.9707,1,0.9671,0.9766,0.9896,0.9889,0.9423,0.9196
sigmoid_bce_H8_D1,0.9863,0.9961,0.9902,0.9941,0.9976,0.9877,1,1,0.9902,0.9904,1
sigmoid_bce_H8_D2,0.9902,0.9922,0.9961,0.9824,0.9976,0.9852,0.9844,0.9948,0.9928,0.9808,0.9643
sigmoid_bce_H16_D0,1,1,1,1,1,1,1,1,1,1,1
sigmoid_bce_H16_D1,1,1,1,1,1,1,1,1,1,1,1
sigmoid_bce_H16_D2,1,1,1,1,1,1,1,1,1,1,1
sigmoid_bce_H32_D0,1,1,1,1,1,1,1,1,1,1,1
sigmoid_bce_H32_D1,1,1,1,1,1,1,1,1,1,1,1
sigmoid_bce_H32_D2,1,1,1,1,1,1,1,1,1,1,1
sigmoid_bce_H64_D0,1,1,1,1,1,1,1,1,1,1,1
sigmoid_bce_H64_D1,1,1,1,1,1,1,1,1,1,1,1
