rule,st_T1_all,st_T1_final,st_T2_all,st_T2_final,st_T4_all,st_T4_final,st_T8_all,st_T8_final,st_T8_all_curriculum,st_T8_final_curriculum,st_T4_final_ste,st_T8_final_ste,st_T8_all_ste,st_2024head_T1_all,st_2024head_T4_all,st_linear_T1_all,st_linear_T4_all
0,1,1,1,1,1,0.75,1,0.75,1,1,1,0.875,1,1,1,1,0.625
1,1,1,1,0.125,1,0.125,1,0.125,1,1,0,0,1,0,0.875,1,0.375
2,1,1,1,0.625,1,0,1,0,1,1,0.25,0.25,1,0.375,0.5,1,0.375
3,1,1,1,0.5,1,0.125,1,0.375,1,1,0,0.125,1,0,0.625,1,0.875
4,1,1,1,0.375,1,0.125,1,0,1,1,0.25,0,1,0.875,0.375,1,0.5
5,1,1,1,0.25,1,0.375,1,0.25,1,1,0.5,0,1,0.5,0.625,1,0.5
6,1,1,1,0.375,1,0.25,1,0,1,1,0,0,1,0.375,0.5,1,0.125
7,1,1,1,0.75,1,0.25,1,0.75,1,1,0.25,0,1,0.5,0.625,1,0.5
8,1,1,1,0,1,0,1,0,1,1,0,0,1,0.25,0.375,1,0.625
9,1,1,1,0.75,1,0.25,1,0.25,1,1,0,0,0.875,0.25,1,1,0.375
10,1,1,1,0.5,1,0,1,0,1,1,0.125,0.125,1,0.5,0.75,1,0.75
11,1,1,1,0.375,1,0.25,1,0,1,1,0.375,0.125,1,0.5,0.875,1,0.875
12,1,1,1,0.375,1,0.125,1,0,1,1,0.375,0.125,1,0.75,0.25,1,0.5
13,1,1,1,0.25,1,0.375,1,0.25,1,1,0.75,0.5,1,0.5,0.75,1,0.875
14,1,1,1,0.375,1,0,1,0,1,1,0,0.375,1,0.625,1,1,0.375
15,1,1,1,0.75,1,0.375,1,0.375,1,1,0.375,0.125,1,1,0.875,1,0.75
16,,,,,,,,,,,,,,,,,
17,,,,,,,,,,,,,,,,,
18,1,1,1,0.25,1,0.625,1,0,1,1,0.125,0,1,0.625,0.75,1,0.25
19,1,1,1,0.5,1,0,1,0,1,1,0,0,1,0.5,0.875,1,0.75
20,,,,,,,,,,,,,,,,,
21,,,,,,,,,,,,,,,,,
22,1,1,1,0.375,1,0,1,0,1,1,0,0,0.875,0,0.875,1,0.875
23,1,1,1,0.625,1,0.5,1,0,1,1,0.5,0,1,0.625,0.75,1,0
24,1,1,1,0.375,1,0.25,1,0,1,1,0,0,1,0.125,0.25,1,0.75
25,1,1,1,0.375,1,0.125,1,0,1,1,0,0,1,0,0.875,1,0.375
26,1,1,1,0.625,1,0.125,1,0.125,1,1,0.375,0.125,1,0.25,1,1,0.375
27,1,1,1,0.375,1,0.25,1,0.25,1,1,0.5,0.25,1,0.625,0.625,1,0.5
28,1,1,1,0,1,0.125,0.375,0,1,1,0.375,0,1,0.5,0.75,1,0.375
29,1,1,1,0.25,1,0.125,1,0,1,1,0,0.25,1,0.375,0.625,1,0.375
30,1,1,1,0.25,1,0.25,1,0,1,1,0.125,0,1,0.375,0.75,1,0.375
31,,,,,,,,,,,,,,,,,
32,1,1,1,0.625,1,0,1,0,1,1,0,0,1,0.25,0.375,1,0.75
33,1,1,1,0.125,1,0.25,1,0.375,1,1,0,0,1,0.125,0.75,1,0.625
34,1,1,1,0.625,1,0,1,0,1,1,0.5,0.125,1,0.75,0.75,1,0.625
35,1,1,1,0.5,1,0,1,0.25,1,1,0.125,0,0.875,0.75,0.875,1,0.375
36,1,1,1,0.25,1,0,1,0,1,1,0,0,1,0.125,0.25,1,0.75
37,1,1,1,0.375,1,0.5,1,0,1,1,0,0,1,0.375,0.625,1,0.5
38,1,1,1,0,1,0,1,0,1,1,0,0,1,0.25,0.625,1,0.875
39,,,,,,,,,,,,,,,,,
40,1,1,1,0.625,1,0.125,1,0,1,1,0.125,0,1,0.25,0.25,1,0.375
41,1,1,1,0.375,1,0.25,1,0,1,1,0,0,0,0.25,0.75,1,0.5
42,1,1,1,0.375,1,0,1,0,1,0.875,0.625,0.25,1,0.75,0.875,1,0.5
43,1,1,1,0.625,1,0.25,1,0.125,1,1,0.625,0.375,1,0.375,0.75,1,0.25
44,1,1,1,0.375,1,0.125,1,0,1,1,0.125,0,1,0.375,0.375,1,0.125
45,1,1,1,0.5,1,0,1,0,1,1,0,0,1,0.5,0.75,1,0.5
46,1,1,1,0.625,1,0.25,1,0,1,1,0.125,0.25,1,0.25,1,1,0.375
47,,,,,,,,,,,,,,,,,
48,,,,,,,,,,,,,,,,,
49,,,,,,,,,,,,,,,,,
50,1,1,1,0.5,1,0,1,0,1,1,0.25,0.25,1,0.5,0.875,1,0.5
51,1,1,1,0.375,1,0.5,1,0.25,1,1,0.125,0.375,1,0.625,0.625,1,0.5
52,,,,,,,,,,,,,,,,,
53,,,,,,,,,,,,,,,,,
54,1,1,1,0,1,0,1,0,1,1,0,0,0.5,0.375,0.875,1,0.25
55,,,,,,,,,,,,,,,,,
56,1,1,1,0.5,1,0.5,1,0,1,1,0.375,0,1,0.25,0.5,1,0.5
57,1,1,1,0,1,0.5,1,0,1,1,0,0,1,0.375,0.875,1,0.625
58,1,1,1,0.75,1,0.125,1,0.125,1,1,0.625,0.125,1,0.125,0.75,1,0.5
59,,,,,,,,,,,,,,,,,
60,1,1,1,0,1,0,1,0,1,1,0.125,0.125,1,0,0.625,1,0.5
61,,,,,,,,,,,,,,,,,
62,1,1,1,0.75,1,0.125,1,0,1,1,0,0,1,0.375,0.875,1,0.375
63,,,,,,,,,,,,,,,,,
64,,,,,,,,,,,,,,,,,
65,,,,,,,,,,,,,,,,,
66,,,,,,,,,,,,,,,,,
67,,,,,,,,,,,,,,,,,
68,,,,,,,,,,,,,,,,,
69,,,,,,,,,,,,,,,,,
70,,,,,,,,,,,,,,,,,
71,,,,,,,,,,,,,,,,,
72,1,1,1,0.75,1,0,1,0,1,1,0.25,0,1,0.375,0.125,1,0.375
73,1,1,1,0.125,1,0,1,0,1,1,0.125,0.375,1,0.125,0.75,1,0.375
74,1,1,1,0.5,1,0.5,1,0.125,1,1,0.25,0,1,0.125,0.625,1,0.5
75,,,,,,,,,,,,,,,,,
76,1,1,1,0.25,1,0,1,0,1,1,0.625,0.5,1,0.875,0.75,1,0.25
77,1,1,1,0.5,1,0,1,0,1,1,0.75,0.75,1,0.75,0.625,1,0.375
78,1,1,1,0.375,1,0.125,1,0,1,1,0.125,0,0.75,0.375,0.625,1,0.75
79,,,,,,,,,,,,,,,,,
80,,,,,,,,,,,,,,,,,
81,,,,,,,,,,,,,,,,,
82,,,,,,,,,,,,,,,,,
83,,,,,,,,,,,,,,,,,
84,,,,,,,,,,,,,,,,,
85,,,,,,,,,,,,,,,,,
86,,,,,,,,,,,,,,,,,
87,,,,,,,,,,,,,,,,,
88,,,,,,,,,,,,,,,,,
89,,,,,,,,,,,,,,,,,
90,1,1,1,0.75,1,0,1,0,1,1,0,0,1,0.125,0.625,1,0.375
91,,,,,,,,,,,,,,,,,
92,,,,,,,,,,,,,,,,,
93,,,,,,,,,,,,,,,,,
94,1,1,1,0.625,1,0,1,0.125,1,1,0.25,0.25,1,0.5,0.625,1,0.625
95,,,,,,,,,,,,,,,,,
96,,,,,,,,,,,,,,,,,
97,,,,,,,,,,,,,,,,,
98,,,,,,,,,,,,,,,,,
99,,,,,,,,,,,,,,,,,
100,,,,,,,,,,,,,,,,,
101,,,,,,,,,,,,,,,,,
102,,,,,,,,,,,,,,,,,
103,,,,,,,,,,,,,,,,,
104,1,1,1,0.5,1,0.125,1,0,1,1,0,0,1,0.375,0.375,1,0.375
105,1,1,1,0,1,0,0.875,0,1,0.625,0,0,1,0.25,0.5,1,0.25
106,1,1,1,0.25,1,0.375,1,0,1,1,0,0,1,0.375,0.875,1,0.25
107,,,,,,,,,,,,,,,,,
108,1,1,1,0,1,0.125,1,0,1,1,0,0,0,0.625,0.75,1,0.125
109,,,,,,,,,,,,,,,,,
110,1,1,1,0.75,1,0.125,1,0,1,1,0,0.125,1,0.625,0.875,1,0.875
111,,,,,,,,,,,,,,,,,
112,,,,,,,,,,,,,,,,,
113,,,,,,,,,,,,,,,,,
114,,,,,,,,,,,,,,,,,
115,,,,,,,,,,,,,,,,,
116,,,,,,,,,,,,,,,,,
117,,,,,,,,,,,,,,,,,
118,,,,,,,,,,,,,,,,,
119,,,,,,,,,,,,,,,,,
120,,,,,,,,,,,,,,,,,
121,,,,,,,,,,,,,,,,,
122,1,1,1,0.625,1,0.375,1,0,1,1,0.125,0.125,1,0.5,0.75,1,0.625
123,,,,,,,,,,,,,,,,,
124,,,,,,,,,,,,,,,,,
125,,,,,,,,,,,,,,,,,
126,1,1,1,0.5,1,0.25,1,0,1,1,0.25,0.125,1,0.5,0.625,1,0.625
127,,,,,,,,,,,,,,,,,
128,1,1,1,0.875,1,0,1,0.25,1,1,0,0,1,0.5,0.375,1,0.75
129,,,,,,,,,,,,,,,,,
130,1,1,1,0.625,1,0.375,1,0,1,1,0.25,0,1,0.75,0.875,1,0.5
131,,,,,,,,,,,,,,,,,
132,1,1,1,0.125,1,0.375,1,0,1,1,0.125,0,1,0.25,0.875,1,0.375
133,,,,,,,,,,,,,,,,,
134,1,1,1,0.375,1,0,1,0,1,1,0,0,1,0.625,0.25,1,0.125
135,,,,,,,,,,,,,,,,,
136,1,1,1,0.875,1,0.625,1,0,1,1,0.375,0,1,0.625,0.625,1,0.625
137,,,,,,,,,,,,,,,,,
138,1,1,1,0.5,1,0,1,0,1,0.75,0.5,0.25,1,0.375,1,1,0.5
139,,,,,,,,,,,,,,,,,
140,1,1,1,0.75,1,0.125,1,0,1,1,0.25,0,1,0.625,0.875,1,0.75
141,,,,,,,,,,,,,,,,,
142,1,1,1,0.375,1,0.25,1,0,1,1,0.5,0.25,1,0.5,0.75,1,0.25
143,,,,,,,,,,,,,,,,,
144,,,,,,,,,,,,,,,,,
145,,,,,,,,,,,,,,,,,
146,1,1,1,0.375,1,0.25,1,0,1,1,0,0,1,0.25,0.75,1,0.375
147,,,,,,,,,,,,,,,,,
148,,,,,,,,,,,,,,,,,
149,,,,,,,,,,,,,,,,,
150,1,1,1,0,1,0,0.875,0,1,0.75,0,0,0.75,0.125,0.5,1,0.125
151,,,,,,,,,,,,,,,,,
152,1,1,1,0.25,1,0.125,1,0.125,1,1,0.25,0,1,0.75,0.75,1,0.375
153,,,,,,,,,,,,,,,,,
154,1,1,1,0.125,1,0,1,0,1,1,0,0,1,0.375,0.5,1,0.25
155,,,,,,,,,,,,,,,,,
156,1,1,1,0,0.625,0,0.375,0,1,1,0,0,0.875,0.375,0.875,1,0.125
157,,,,,,,,,,,,,,,,,
158,,,,,,,,,,,,,,,,,
159,,,,,,,,,,,,,,,,,
160,1,1,1,0.875,1,0.75,1,0,1,1,0.625,0,1,0.625,0.5,1,1
161,,,,,,,,,,,,,,,,,
162,1,1,1,0.5,1,0.5,1,0.25,1,1,0.75,0.25,1,0.75,0.625,1,0.5
163,,,,,,,,,,,,,,,,,
164,1,1,1,0.5,1,0,1,0,1,1,0.25,0,1,0.5,0.375,1,0.375
165,,,,,,,,,,,,,,,,,
166,,,,,,,,,,,,,,,,,
167,,,,,,,,,,,,,,,,,
168,1,1,1,0.875,1,0.75,1,0,1,1,0.625,0,1,0.5,0.5,1,0.5
169,,,,,,,,,,,,,,,,,
170,1,1,1,0.5,1,0.25,1,0.125,1,1,0.75,0.875,1,0.75,0.5,1,0.875
171,,,,,,,,,,,,,,,,,
172,1,1,1,0.375,1,0.5,1,0.125,1,1,0.75,0,1,0.375,0.75,1,0.625
173,,,,,,,,,,,,,,,,,
174,,,,,,,,,,,,,,,,,
175,,,,,,,,,,,,,,,,,
176,,,,,,,,,,,,,,,,,
177,,,,,,,,,,,,,,,,,
178,1,1,1,0.375,1,0.125,1,0,1,1,0.375,0.25,1,0.875,0.875,1,0.125
179,,,,,,,,,,,,,,,,,
180,,,,,,,,,,,,,,,,,
181,,,,,,,,,,,,,,,,,
182,,,,,,,,,,,,,,,,,
183,,,,,,,,,,,,,,,,,
184,1,1,1,0.5,1,0.25,1,0,1,1,0.375,1,1,0.125,0.875,1,0.5
185,,,,,,,,,,,,,,,,,
186,,,,,,,,,,,,,,,,,
187,,,,,,,,,,,,,,,,,
188,,,,,,,,,,,,,,,,,
189,,,,,,,,,,,,,,,,,
190,,,,,,,,,,,,,,,,,
191,,,,,,,,,,,,,,,,,
192,,,,,,,,,,,,,,,,,
193,,,,,,,,,,,,,,,,,
194,,,,,,,,,,,,,,,,,
195,,,,,,,,,,,,,,,,,
196,,,,,,,,,,,,,,,,,
197,,,,,,,,,,,,,,,,,
198,,,,,,,,,,,,,,,,,
199,,,,,,,,,,,,,,,,,
200,1,1,1,0.75,1,0,1,0,1,0.875,0.125,0.25,1,0.375,1,1,0.5
201,,,,,,,,,,,,,,,,,
202,,,,,,,,,,,,,,,,,
203,,,,,,,,,,,,,,,,,
204,1,1,1,0.25,1,0.25,1,0.25,1,1,0.125,0.375,1,0.5,1,1,0.375
205,,,,,,,,,,,,,,,,,
206,,,,,,,,,,,,,,,,,
207,,,,,,,,,,,,,,,,,
208,,,,,,,,,,,,,,,,,
209,,,,,,,,,,,,,,,,,
210,,,,,,,,,,,,,,,,,
211,,,,,,,,,,,,,,,,,
212,,,,,,,,,,,,,,,,,
213,,,,,,,,,,,,,,,,,
214,,,,,,,,,,,,,,,,,
215,,,,,,,,,,,,,,,,,
216,,,,,,,,,,,,,,,,,
217,,,,,,,,,,,,,,,,,
218,,,,,,,,,,,,,,,,,
219,,,,,,,,,,,,,,,,,
220,,,,,,,,,,,,,,,,,
221,,,,,,,,,,,,,,,,,
222,,,,,,,,,,,,,,,,,
223,,,,,,,,,,,,,,,,,
224,,,,,,,,,,,,,,,,,
225,,,,,,,,,,,,,,,,,
226,,,,,,,,,,,,,,,,,
227,,,,,,,,,,,,,,,,,
228,,,,,,,,,,,,,,,,,
229,,,,,,,,,,,,,,,,,
230,,,,,,,,,,,,,,,,,
231,,,,,,,,,,,,,,,,,
232,1,1,1,0.625,1,0.25,1,0,1,1,0.625,0.25,1,0.75,0.75,1,0.5
233,,,,,,,,,,,,,,,,,
234,,,,,,,,,,,,,,,,,
235,,,,,,,,,,,,,,,,,
236,,,,,,,,,,,,,,,,,
237,,,,,,,,,,,,,,,,,
238,,,,,,,,,,,,,,,,,
239,,,,,,,,,,,,,,,,,
240,,,,,,,,,,,,,,,,,
241,,,,,,,,,,,,,,,,,
242,,,,,,,,,,,,,,,,,
243,,,,,,,,,,,,,,,,,
244,,,,,,,,,,,,,,,,,
245,,,,,,,,,,,,,,,,,
246,,,,,,,,,,,,,,,,,
247,,,,,,,,,,,,,,,,,
248,,,,,,,,,,,,,,,,,
249,,,,,,,,,,,,,,,,,
250,,,,,,,,,,,,,,,,,
251,,,,,,,,,,,,,,,,,
252,,,,,,,,,,,,,,,,,
253,,,,,,,,,,,,,,,,,
254,,,,,,,,,,,,,,,,,
255,,,,,,,,,,,,,,,,,
