rule,baseline_2024,nopre,data_full,batch8,bias0.1,enc_pm1,act_leaky,act_softplus,head_tanh_mse,head_sigmoid_mse,head_sigmoid_bce,head_linear_mse,lr0.001,lr0.02,lr0.05,steps4x
0,1,1,1,1,1,1,1,1,1,1,1,1,1,1,1,1
1,0,0,0,0,0.375,0.5156,0,0.3516,1,1,1,0.9609,0,0,0,0
2,1,0.5391,0.4219,0.4453,0.4844,0.5156,0.5078,0.3516,1,1,1,1,0.4141,0.3672,0.4531,0.5625
3,1,0.4688,0.4766,0.4609,0.5703,0.4688,0.5,0.5312,0.9922,1,1,0.9844,0.3125,0.4062,0.3516,0.4219
4,1,0.4766,0.5,0.4922,0.5078,0.5234,0.5078,0.2969,1,1,1,0.9844,0.5391,0.4766,0.4609,0.4609
5,1,0.4766,0.3672,0.3828,0.5703,0.5391,0.4453,0.5234,1,1,1,1,0.4844,0.4688,0.3516,0.4141
6,0.8984,0.2578,0.2891,0.3125,0.3672,0.3125,0.3125,0.2656,0.9922,0.9766,1,0.9922,0.3281,0.2812,0.2109,0.2422
7,0.9219,0.3438,0.3359,0.3516,0.5078,0.4688,0.3359,0.5078,1,1,1,1,0.3281,0.2812,0.2344,0.3438
8,1,0.4766,0.3906,0.4609,0.4766,0.5938,0.4297,0.3594,0.9844,1,0.9922,0.9766,0.4844,0.4375,0.3984,0.4922
9,0.6719,0.1562,0.1406,0.125,0.4375,0.2812,0.07031,0.3203,0.9609,0.9609,0.9609,0.9609,0.1016,0.09375,0.1094,0.04688
10,1,0.5859,0.5781,0.5547,0.5312,0.5078,0.5469,0.4609,1,1,1,1,0.5703,0.5938,0.5938,0.6172
11,0.9844,0.3984,0.5078,0.5469,0.6094,0.4375,0.5625,0.6016,1,1,1,0.9844,0.4375,0.5156,0.5469,0.5469
12,1,0.5703,0.6016,0.5234,0.5703,0.625,0.6562,0.5625,1,1,1,1,0.6328,0.5625,0.6484,0.6094
13,0.9922,0.4688,0.5312,0.4688,0.6016,0.4609,0.5469,0.5391,1,1,1,1,0.4766,0.6016,0.5547,0.4922
14,1,0.5938,0.5234,0.6797,0.5547,0.4062,0.6016,0.5859,1,0.9922,1,0.9844,0.5859,0.5547,0.625,0.5625
15,1,0.7031,0.6641,0.7109,0.7031,0.5938,0.6484,0.5781,1,1,1,1,0.7344,0.6016,0.6328,0.7031
16,1,0.3984,0.4297,0.4922,0.4922,0.5312,0.4141,0.3359,1,1,1,1,0.4609,0.4375,0.4297,0.4844
17,1,0.375,0.4219,0.4609,0.5859,0.5391,0.4766,0.5078,1,1,1,0.9922,0.3906,0.4531,0.3672,0.5156
18,0.8906,0.2734,0.2266,0.2969,0.375,0.25,0.2578,0.3281,0.9844,0.9922,0.9922,0.9844,0.2969,0.2266,0.3281,0.25
19,0.8828,0.3281,0.4297,0.3672,0.4844,0.3672,0.4531,0.5703,0.9922,1,1,0.9766,0.3516,0.3516,0.2578,0.3906
20,0.9062,0.3125,0.2812,0.2266,0.3594,0.2734,0.3438,0.3359,0.9922,0.9922,0.9844,0.9453,0.3594,0.2656,0.2188,0.3125
21,0.9062,0.375,0.3359,0.3203,0.5547,0.5,0.4375,0.5156,1,1,1,1,0.4219,0.3828,0.4062,0.3672
22,0.6406,0.2344,0.2422,0.2188,0.25,0.1016,0.1719,0.2656,0.9219,0.9062,0.8594,0.9297,0.2422,0.2266,0.2031,0.2656
23,0.7656,0.3906,0.3984,0.4219,0.4531,0.3359,0.3438,0.6562,1,1,0.9922,0.9922,0.3672,0.3594,0.4375,0.4219
24,0.7344,0.3359,0.2812,0.2578,0.375,0.2891,0.2969,0.2266,0.9688,0.9531,0.9922,0.9844,0.2344,0.3828,0.2422,0.3828
25,0.7031,0.2344,0.2578,0.3281,0.3281,0.2422,0.3047,0.4141,1,0.9766,0.9766,0.9844,0.3047,0.2812,0.2188,0.2734
26,0.6484,0.375,0.3281,0.3672,0.375,0.2656,0.3438,0.4062,0.9609,0.9531,0.9844,0.9844,0.2422,0.4141,0.375,0.3203
27,0.7578,0.3906,0.3359,0.375,0.4609,0.2578,0.2812,0.4297,1,0.9844,0.9922,0.9922,0.3594,0.3594,0.4062,0.3359
28,0.6719,0.3438,0.3672,0.2734,0.375,0.2891,0.3281,0.3984,0.9844,0.9688,0.9922,0.9844,0.3672,0.375,0.2812,0.3359
29,0.75,0.3438,0.3125,0.3672,0.4766,0.3125,0.3281,0.4609,1,0.9922,0.9844,0.9844,0.3047,0.3828,0.3672,0.3828
30,0.6641,0.3281,0.4375,0.3438,0.2656,0.1953,0.375,0.4375,0.9766,0.9531,0.9219,0.9297,0.3359,0.4219,0.3359,0.3828
31,0.7109,0.4453,0.4219,0.4766,0.5156,0.4062,0.4141,0.6172,0.9922,1,1,0.9922,0.3125,0.4453,0.4844,0.5078
32,1,0.4453,0.4609,0.5391,0.4609,0.4688,0.4375,0.3125,0.9766,1,1,1,0.4688,0.4453,0.4531,0.4922
33,0.7422,0.08594,0.1172,0.08594,0.3516,0.3125,0.125,0.2891,0.9531,0.9844,0.9844,0.9766,0.08594,0.09375,0.07812,0.05469
34,1,0.625,0.5391,0.5547,0.5391,0.5859,0.5469,0.4609,1,1,1,1,0.5234,0.5859,0.5547,0.5547
35,0.9844,0.6016,0.4922,0.4375,0.6953,0.4375,0.5078,0.6094,0.9922,1,1,1,0.4922,0.5,0.5391,0.6484
36,0.7734,0.2969,0.3828,0.3125,0.2969,0.2891,0.25,0.1953,0.9609,0.9375,0.9844,0.9844,0.25,0.2344,0.2109,0.2344
37,0.6562,0.2891,0.2578,0.2578,0.3203,0.2266,0.3516,0.3594,0.9844,0.9844,0.9922,1,0.2422,0.2422,0.3203,0.2812
38,0.7031,0.3516,0.3125,0.3125,0.3828,0.2812,0.375,0.3438,0.9844,0.9688,0.9844,0.9844,0.2812,0.375,0.375,0.3203
39,0.7109,0.3828,0.3828,0.4141,0.4453,0.3516,0.3594,0.5391,1,0.9922,0.9922,1,0.3984,0.2734,0.3594,0.4062
40,1,0.375,0.3906,0.3984,0.3672,0.2344,0.3516,0.375,0.9844,0.9531,0.9531,0.9609,0.2891,0.3125,0.3438,0.3672
41,0.6953,0.1328,0.1641,0.1641,0.3281,0.1562,0.1094,0.2031,0.9297,0.875,0.9062,0.9453,0.1797,0.1484,0.1172,0.1484
42,1,0.5078,0.5391,0.5625,0.5469,0.4609,0.5938,0.5,1,1,1,1,0.5234,0.5781,0.6484,0.5156
43,0.9922,0.6719,0.6328,0.5938,0.6719,0.4219,0.7109,0.625,1,1,1,1,0.6562,0.7109,0.625,0.6797
44,0.7812,0.3906,0.3125,0.3203,0.3438,0.2969,0.3281,0.5078,0.9766,0.9766,0.9844,0.9922,0.3047,0.2891,0.4297,0.3516
45,0.6719,0.3906,0.2969,0.2656,0.3594,0.1562,0.2969,0.4609,0.9844,0.9766,0.9922,1,0.3203,0.375,0.4141,0.3906
46,0.9531,0.4219,0.4375,0.4375,0.4219,0.375,0.375,0.4766,0.9922,1,0.9844,0.9688,0.3984,0.4062,0.4844,0.5
47,0.9766,0.6719,0.5312,0.5547,0.5938,0.4688,0.5859,0.6406,0.9922,0.9922,1,0.9844,0.5547,0.5938,0.5547,0.5938
48,1,0.6562,0.6172,0.5547,0.5156,0.5859,0.6172,0.5312,1,1,1,0.9922,0.5234,0.5547,0.6328,0.6094
49,0.9922,0.5469,0.5,0.5312,0.6172,0.3594,0.6016,0.5703,0.9922,1,1,0.9922,0.5078,0.5,0.4453,0.5859
50,0.9922,0.5156,0.4766,0.625,0.5391,0.3984,0.5781,0.5,0.9922,1,1,0.9922,0.5156,0.6094,0.6172,0.7109
51,1,0.6562,0.625,0.7266,0.7422,0.625,0.6797,0.6328,1,1,1,1,0.6875,0.6797,0.7031,0.7109
52,0.7188,0.3203,0.3359,0.3594,0.3594,0.2969,0.3281,0.3281,0.9844,0.9922,0.9922,0.9844,0.3906,0.3672,0.3516,0.3281
53,0.75,0.3516,0.3438,0.3594,0.4609,0.3438,0.3125,0.4688,1,0.9844,0.9922,0.9844,0.3672,0.4453,0.4141,0.375
54,0.6875,0.3281,0.4453,0.3203,0.25,0.1953,0.2734,0.4453,0.9688,0.8984,0.8984,0.9375,0.3359,0.3125,0.3906,0.4297
55,0.6875,0.5,0.4375,0.4609,0.4766,0.5625,0.4609,0.6016,0.9922,1,1,1,0.3281,0.5469,0.5,0.4766
56,0.7891,0.4141,0.3438,0.3672,0.3828,0.2656,0.3672,0.375,0.9766,0.9453,0.9844,0.9531,0.4141,0.3516,0.3594,0.2969
57,0.7422,0.2969,0.3125,0.2812,0.4375,0.1719,0.4062,0.3984,1,0.9531,0.9922,0.9609,0.3672,0.4219,0.3281,0.3906
58,0.9453,0.4141,0.4219,0.3828,0.375,0.4062,0.4297,0.4844,0.9844,1,0.9922,0.9609,0.375,0.4688,0.5078,0.4844
59,0.9766,0.6094,0.4922,0.5938,0.5938,0.4688,0.5469,0.5938,1,1,1,0.9922,0.4609,0.5703,0.625,0.6094
60,0.9922,0.375,0.3594,0.4297,0.3906,0.2188,0.4219,0.5,0.9609,0.9922,0.9922,0.9688,0.4453,0.4844,0.4375,0.4453
61,0.9688,0.4062,0.4688,0.4453,0.4766,0.2891,0.4375,0.4453,0.9688,1,0.9922,0.9922,0.4297,0.4922,0.5234,0.4297
62,0.9531,0.4844,0.4531,0.4688,0.3203,0.3203,0.4062,0.5703,0.9766,0.9609,0.9453,0.9531,0.3438,0.4375,0.5391,0.4688
63,1,0.4453,0.5547,0.5938,0.6641,0.4844,0.4922,0.6641,0.9844,1,1,0.9844,0.5,0.5938,0.6562,0.6562
64,1,0.5234,0.4219,0.4375,0.5312,0.5938,0.4766,0.2656,1,0.9922,1,0.9922,0.5234,0.4609,0.3984,0.5078
65,0.6875,0.05469,0.09375,0.1328,0.3281,0.2812,0.1094,0.2969,0.9766,0.9844,0.9766,0.9688,0.1094,0.1406,0.1016,0.1094
66,0.7578,0.3125,0.2578,0.3516,0.3047,0.2109,0.3203,0.2031,0.9688,0.9609,0.9922,0.9688,0.2969,0.3516,0.2031,0.3359
67,0.6641,0.25,0.3125,0.2812,0.375,0.2969,0.3281,0.3125,1,0.9766,1,0.9844,0.2891,0.3047,0.2344,0.3281
68,1,0.5703,0.625,0.6797,0.6016,0.5547,0.6172,0.4766,1,1,1,1,0.625,0.5703,0.6172,0.6406
69,0.9688,0.5391,0.5703,0.5781,0.6406,0.4297,0.5703,0.5859,0.9922,1,1,0.9922,0.4688,0.5391,0.5391,0.5703
70,0.7656,0.3203,0.3359,0.3516,0.3203,0.2578,0.3438,0.4141,0.9766,0.9531,0.9766,0.9609,0.375,0.3516,0.3906,0.3672
71,0.7266,0.3828,0.3828,0.3359,0.3906,0.4297,0.3203,0.4531,0.9844,1,0.9766,0.9688,0.3047,0.3125,0.3438,0.3281
72,0.9766,0.3516,0.3984,0.3516,0.3594,0.2344,0.3438,0.3438,0.9141,0.9766,0.9844,0.9922,0.2344,0.3828,0.3984,0.3281
73,0.7266,0.1094,0.1641,0.1094,0.2969,0.1719,0.1641,0.2422,0.9297,0.9141,0.9062,0.9531,0.125,0.09375,0.1719,0.125
74,0.7656,0.3125,0.4453,0.3672,0.3438,0.2578,0.3359,0.4453,0.9844,0.9453,0.9766,0.9766,0.2578,0.3672,0.3281,0.3672
75,0.6406,0.3594,0.4141,0.4531,0.4141,0.2031,0.375,0.3906,0.9609,0.9609,0.9609,0.9297,0.3828,0.4062,0.3359,0.3984
76,1,0.4766,0.5781,0.5703,0.6641,0.4844,0.5938,0.4922,0.9844,1,1,0.9922,0.5781,0.5312,0.5312,0.6328
77,1,0.5859,0.6719,0.6562,0.7031,0.4531,0.6172,0.5625,1,1,1,0.9922,0.6328,0.5938,0.7109,0.75
78,0.9531,0.4766,0.4375,0.4062,0.3125,0.3516,0.4062,0.4688,0.9609,0.9766,0.9844,0.9844,0.4062,0.3516,0.4453,0.4609
79,0.9844,0.5625,0.5859,0.5078,0.5234,0.5234,0.5859,0.6562,0.9844,1,1,0.9844,0.5156,0.5938,0.6328,0.5781
80,1,0.4844,0.5625,0.5703,0.5938,0.5469,0.6172,0.5469,1,1,1,0.9844,0.6016,0.6484,0.6328,0.6094
81,0.9922,0.4766,0.4609,0.4844,0.6875,0.4453,0.5781,0.5078,1,1,1,0.9922,0.5078,0.4609,0.4922,0.5625
82,0.7344,0.3906,0.2656,0.3672,0.3438,0.1875,0.3125,0.3438,0.9688,0.9531,0.9766,0.9453,0.3594,0.2812,0.375,0.3125
83,0.7969,0.3516,0.2891,0.3906,0.4609,0.375,0.3438,0.4844,0.9922,0.9922,0.9844,0.9922,0.3047,0.375,0.375,0.3828
84,1,0.5312,0.5156,0.4297,0.5547,0.4219,0.6328,0.5625,1,1,1,1,0.5703,0.5938,0.5469,0.625
85,1,0.6406,0.6328,0.6641,0.8281,0.6094,0.7188,0.6094,1,1,1,0.9922,0.6719,0.7109,0.6719,0.6719
86,0.6641,0.3281,0.3281,0.375,0.2812,0.2266,0.3359,0.4609,0.9844,0.8672,0.9375,0.9219,0.3438,0.3359,0.3359,0.3281
87,0.7109,0.3828,0.4453,0.4688,0.4453,0.3906,0.4375,0.6016,0.9844,1,1,0.9766,0.4062,0.5,0.4766,0.4922
88,0.7422,0.4062,0.3359,0.3906,0.375,0.2891,0.3672,0.3984,0.9922,0.9844,1,0.9688,0.3438,0.3594,0.4219,0.375
89,0.7656,0.3281,0.3672,0.3828,0.4922,0.2188,0.3438,0.4062,0.9609,0.9922,0.9844,0.9375,0.3359,0.375,0.3516,0.3672
90,0.9844,0.3828,0.5078,0.4219,0.4219,0.3047,0.375,0.4531,0.9844,0.9922,0.9844,0.9531,0.4375,0.4219,0.4531,0.4375
91,0.9375,0.4531,0.4141,0.4531,0.3906,0.2891,0.3984,0.4609,0.9922,0.9844,1,0.9844,0.3594,0.4531,0.4844,0.4297
92,0.9062,0.4531,0.4297,0.4375,0.4141,0.4062,0.4297,0.5234,0.9766,0.9844,0.9766,0.9609,0.4062,0.4688,0.4688,0.5078
93,0.9609,0.5234,0.6016,0.5391,0.6484,0.4688,0.6094,0.6484,1,1,1,1,0.5,0.5703,0.6172,0.5938
94,0.9375,0.5391,0.4297,0.4766,0.3281,0.2656,0.3594,0.5547,0.9766,0.9375,0.9688,0.9844,0.3203,0.4922,0.5,0.4766
95,0.9922,0.5781,0.6172,0.625,0.6719,0.5547,0.5312,0.6719,0.9844,1,1,1,0.5703,0.6406,0.5703,0.6875
96,0.9844,0.4141,0.4062,0.3672,0.3516,0.3359,0.3438,0.3828,0.9531,0.9844,0.9688,0.9297,0.3984,0.3203,0.3438,0.3828
97,0.8125,0.1172,0.1328,0.125,0.3203,0.125,0.08594,0.2422,0.8906,0.9297,0.8984,0.9375,0.07812,0.1641,0.125,0.1484
98,0.7031,0.375,0.3047,0.3906,0.3672,0.2422,0.3047,0.3516,0.9766,0.9766,1,0.9844,0.3359,0.375,0.3672,0.4375
99,0.7188,0.3359,0.3906,0.375,0.4219,0.1641,0.3984,0.4297,0.9766,0.9844,0.9766,0.9688,0.2812,0.3203,0.3125,0.3438
100,0.75,0.4531,0.3516,0.4141,0.4297,0.2656,0.2969,0.4375,0.9688,0.9688,0.9766,0.9844,0.2969,0.3984,0.375,0.3281
101,0.6875,0.3281,0.3906,0.3281,0.3438,0.1719,0.2891,0.3672,0.9844,0.9922,0.9844,0.9531,0.3203,0.3516,0.3672,0.3672
102,0.9844,0.4766,0.4297,0.4062,0.4141,0.3359,0.5312,0.5078,0.9688,0.9922,0.9922,0.9922,0.3828,0.4375,0.5,0.4062
103,0.9531,0.4531,0.4531,0.4141,0.4609,0.3672,0.4531,0.4844,0.9609,0.9922,0.9766,0.9766,0.4766,0.4141,0.4453,0.3828
104,0.8594,0.2734,0.2812,0.3125,0.2266,0.1172,0.2812,0.1172,0.8125,0.8516,0.8906,0.8594,0.2734,0.2969,0.3203,0.2344
105,0.6875,0.1797,0.1406,0.1406,0.2578,0,0.1953,0.2812,0.7969,0.7891,0.8281,0.8125,0.1172,0.1797,0.1875,0.1328
106,0.8516,0.3047,0.4062,0.3906,0.4219,0.2422,0.3203,0.2969,0.8594,0.9531,0.9766,0.9141,0.3125,0.3828,0.4844,0.3594
107,0.7578,0.375,0.4297,0.4297,0.4375,0.125,0.4219,0.5078,0.9609,0.9141,0.9375,0.9219,0.3594,0.4062,0.4609,0.3906
108,0.8359,0.3672,0.3516,0.3672,0.3516,0.1641,0.4062,0.3594,0.9141,0.9453,0.9766,0.9219,0.2969,0.4453,0.4062,0.4219
109,0.8125,0.3984,0.3359,0.375,0.4375,0.1094,0.4141,0.5312,0.9297,0.9375,0.9297,0.9531,0.3984,0.3516,0.4609,0.4375
110,0.9297,0.4375,0.4062,0.3516,0.4062,0.2422,0.4375,0.3516,0.9219,0.9375,0.9766,0.9531,0.4062,0.5078,0.4688,0.5625
111,0.9531,0.5391,0.5469,0.4844,0.5391,0.2734,0.5234,0.5625,0.9375,0.9922,0.9844,0.9531,0.3594,0.5156,0.4453,0.5547
112,1,0.4766,0.5156,0.5,0.5234,0.4219,0.4531,0.4609,1,1,1,0.9844,0.5,0.4453,0.6016,0.5625
113,1,0.6328,0.7344,0.6719,0.6953,0.3906,0.6328,0.5547,1,1,1,1,0.6484,0.6562,0.7031,0.6797
114,0.9688,0.4141,0.3828,0.4062,0.3906,0.3359,0.4609,0.4688,0.9844,0.9766,0.9688,0.9609,0.4531,0.4375,0.4062,0.4609
115,0.9688,0.5625,0.5703,0.5234,0.6016,0.5312,0.5078,0.5859,1,1,1,0.9922,0.5781,0.5859,0.625,0.6406
116,0.9375,0.5078,0.4453,0.4609,0.3906,0.3984,0.3672,0.4219,0.9922,0.9844,1,1,0.4297,0.4141,0.4844,0.4688
117,0.9453,0.6406,0.5469,0.5859,0.6484,0.4062,0.5469,0.6094,0.9922,1,1,1,0.5703,0.6094,0.6406,0.6094
118,0.9375,0.4453,0.4141,0.4531,0.375,0.2734,0.4141,0.4453,0.9766,0.9531,0.9609,0.9688,0.3906,0.4219,0.5625,0.4766
119,1,0.5781,0.5312,0.5547,0.5938,0.4688,0.5547,0.6562,0.9531,1,1,1,0.5547,0.6016,0.6641,0.5859
120,0.8125,0.4062,0.2344,0.2969,0.375,0.2188,0.3594,0.3203,0.9531,0.9297,0.9766,0.9453,0.3594,0.3672,0.3906,0.3672
121,0.7109,0.4375,0.4453,0.3828,0.5,0.125,0.3594,0.5156,0.9609,0.9609,0.9531,0.9219,0.3438,0.4844,0.4141,0.3672
122,0.9531,0.4766,0.4922,0.4219,0.4375,0.3203,0.3984,0.25,0.875,0.9531,0.9844,0.9766,0.3594,0.5156,0.4609,0.4922
123,0.9375,0.4766,0.5859,0.4844,0.5234,0.2734,0.4844,0.5391,0.9453,0.9844,0.9609,0.9453,0.4375,0.5469,0.5156,0.5
124,0.9141,0.4375,0.5156,0.4297,0.4531,0.2578,0.4141,0.2812,0.875,0.9531,0.9922,0.9688,0.3594,0.4844,0.4219,0.5
125,0.9453,0.4922,0.5,0.5234,0.5547,0.3281,0.4844,0.5469,0.9297,0.9922,0.9844,0.9766,0.4141,0.5703,0.5156,0.4844
126,0.7656,0.5469,0.5,0.4141,0.4531,0.3906,0.3594,0.3594,0.7344,0.9297,0.9453,0.9688,0.3828,0.5234,0.3906,0.4141
127,0.7969,0.6094,0.5859,0.5312,0.6406,0.5547,0.6484,0.6484,0.8438,0.9844,1,0.9844,0.5,0.5781,0.3281,0.5859
128,1,0.5234,0.4609,0.5781,0.5234,0.4531,0.5938,0.2969,0.9688,0.9766,1,0.9922,0.4922,0.4688,0.3281,0.4922
129,0.5078,0.05469,0.03125,0.05469,0.3828,0.2344,0.07031,0.2891,0.9922,0.9141,0.9844,0.9453,0.08594,0.09375,0.04688,0.1016
130,0.9766,0.2891,0.3594,0.3438,0.3516,0.2734,0.4219,0.3359,0.9609,1,0.9609,0.9375,0.3359,0.4141,0.3594,0.3672
131,0.7812,0.2266,0.2266,0.2969,0.4375,0.2031,0.2578,0.3828,0.9688,0.9688,0.9844,0.9609,0.2344,0.2422,0.2578,0.3047
132,0.9688,0.3984,0.375,0.3281,0.4062,0.2109,0.4062,0.375,0.9609,0.9609,0.9688,0.9766,0.3906,0.4062,0.3359,0.375
133,0.6875,0.1953,0.25,0.1953,0.4141,0.25,0.2109,0.4297,0.9922,0.9609,0.9844,0.9688,0.1797,0.25,0.3203,0.2422
134,0.8516,0.2891,0.2969,0.2422,0.2891,0.1406,0.3125,0.1172,0.8828,0.9375,0.9688,0.8516,0.2578,0.25,0.2891,0.2578
135,0.8047,0.2656,0.2656,0.2656,0.3672,0.1719,0.2969,0.2812,0.8125,0.9688,0.9766,0.9375,0.2578,0.3516,0.3047,0.3438
136,1,0.5156,0.5547,0.5078,0.6094,0.5,0.5391,0.5234,0.9922,1,1,0.9922,0.5547,0.5469,0.5625,0.6953
137,0.5703,0.1484,0.2422,0.1172,0.4062,0.2656,0.1641,0.3984,0.9531,0.9531,0.9531,0.9766,0.1641,0.1641,0.2031,0.1953
138,1,0.6016,0.5781,0.6016,0.6016,0.5,0.5391,0.6797,1,1,1,0.9922,0.6875,0.625,0.6094,0.6562
139,0.6641,0.4062,0.4141,0.3203,0.5703,0.3828,0.3906,0.4453,0.9844,0.9688,0.9844,0.9922,0.375,0.4375,0.3828,0.4453
140,1,0.5469,0.6172,0.6406,0.6094,0.4453,0.6172,0.6016,1,1,1,0.9844,0.5938,0.6094,0.6562,0.6328
141,0.8047,0.4609,0.3906,0.4141,0.5234,0.3125,0.3828,0.5234,0.9844,0.9766,1,0.9922,0.375,0.4297,0.4922,0.4297
142,1,0.6484,0.6094,0.6172,0.6797,0.3125,0.7109,0.6875,1,1,1,0.9922,0.6719,0.7656,0.6719,0.6484
143,1,0.6875,0.6797,0.6719,0.7188,0.4375,0.7266,0.6016,1,1,1,0.9766,0.6094,0.7188,0.7031,0.6484
144,0.9609,0.4219,0.3828,0.3828,0.3281,0.3281,0.4375,0.3438,0.9453,0.9844,0.9922,0.9609,0.3516,0.3203,0.4141,0.4297
145,0.7812,0.2188,0.2578,0.2734,0.3125,0.2578,0.2656,0.3828,0.9766,0.9297,0.9844,0.9766,0.2578,0.1641,0.2031,0.2109
146,0.9141,0.2891,0.2578,0.2812,0.25,0.1016,0.2734,0.1484,0.8359,0.9141,0.9609,0.9141,0.2734,0.3594,0.3984,0.3359
147,0.7422,0.3516,0.2031,0.2891,0.4062,0.1562,0.3438,0.3281,0.8047,0.9297,0.9766,0.9141,0.2344,0.2734,0.2969,0.3359
148,0.8047,0.3438,0.3359,0.2891,0.3281,0.1172,0.3203,0.1406,0.8828,0.9375,0.9688,0.9141,0.1953,0.3516,0.3281,0.2578
149,0.7891,0.25,0.2656,0.25,0.3438,0.2266,0.3125,0.2969,0.7969,0.9609,0.9688,0.9219,0.2344,0.2734,0.3047,0.3047
150,0.6797,0.1641,0.125,0.2266,0.1641,0.02344,0.2344,0.2422,0.7266,0.875,0.8047,0.7422,0.2578,0.1875,0.2344,0.2812
151,0.7031,0.1953,0.2188,0.1484,0.3125,0.1328,0.3828,0.4297,0.7188,0.8672,0.9062,0.875,0.1719,0.2188,0.2266,0.25
152,0.9297,0.4219,0.3672,0.4141,0.4297,0.2734,0.3828,0.4609,0.9922,1,0.9922,0.9922,0.3906,0.3906,0.375,0.375
153,0.9062,0.3906,0.4453,0.4141,0.5234,0.2969,0.3984,0.4609,0.9922,1,1,0.9766,0.4219,0.4297,0.4922,0.4688
154,0.8906,0.3672,0.3984,0.3828,0.3672,0.1953,0.4219,0.2656,0.9375,0.9609,0.9844,0.9297,0.3828,0.375,0.4141,0.3984
155,0.8906,0.4453,0.4453,0.4297,0.4609,0.2891,0.3906,0.4141,0.9609,0.9766,1,0.9609,0.4062,0.4062,0.4375,0.4141
156,0.9062,0.4297,0.4844,0.3672,0.3516,0.2344,0.3203,0.3516,0.9297,0.9844,0.9609,0.9766,0.2734,0.375,0.4062,0.3672
157,0.875,0.3359,0.3594,0.4141,0.4609,0.3359,0.3984,0.3359,0.9062,0.9844,0.9922,0.9844,0.3984,0.375,0.375,0.3984
158,0.7812,0.3828,0.3516,0.3906,0.4297,0.1406,0.3828,0.5078,0.9375,0.9375,0.8594,0.9688,0.4062,0.5156,0.4844,0.4219
159,0.8203,0.5,0.3594,0.4922,0.6094,0.3125,0.4922,0.5312,0.9375,0.9844,1,0.9766,0.3672,0.4453,0.5,0.5391
160,1,0.5391,0.6406,0.5781,0.5078,0.5703,0.5703,0.5312,0.9922,1,1,0.9844,0.5391,0.6016,0.5469,0.6719
161,0.5547,0.1562,0.1406,0.1875,0.375,0.2969,0.1641,0.4062,0.9844,0.9609,0.9688,0.9531,0.1484,0.2031,0.125,0.1797
162,1,0.5234,0.6406,0.6641,0.5781,0.3125,0.5938,0.5312,1,1,1,0.9922,0.5781,0.6094,0.5469,0.6172
163,0.8438,0.3594,0.4219,0.3906,0.5078,0.3281,0.3906,0.5,0.9844,0.9844,1,0.9766,0.4688,0.4688,0.375,0.4141
164,0.9141,0.4062,0.375,0.3359,0.3438,0.2422,0.375,0.3828,0.9766,1,0.9922,0.9453,0.2969,0.3984,0.3438,0.3828
165,0.9531,0.4375,0.4297,0.4375,0.5234,0.3438,0.4297,0.4609,0.9844,1,0.9844,1,0.4297,0.4062,0.4766,0.4766
166,0.8203,0.3594,0.4062,0.3516,0.4453,0.1953,0.3672,0.3516,0.9062,0.9609,0.9922,0.9609,0.375,0.4453,0.4609,0.3438
167,0.8125,0.3125,0.4766,0.4531,0.4688,0.2578,0.4219,0.3281,0.8906,0.9609,0.9922,0.9766,0.4375,0.4609,0.4688,0.4297
168,1,0.5703,0.5312,0.5391,0.5859,0.4141,0.5234,0.5234,1,1,1,1,0.5,0.5234,0.5938,0.6484
169,0.5781,0.3203,0.2578,0.25,0.4531,0.2188,0.3125,0.3047,0.9141,0.8984,0.9297,0.9453,0.25,0.3125,0.2969,0.3281
170,1,0.6797,0.6875,0.7109,0.7109,0.625,0.7344,0.6562,1,1,1,1,0.7578,0.7031,0.75,0.7031
171,0.9844,0.6016,0.6172,0.7031,0.7031,0.4922,0.6406,0.5703,1,1,1,0.9922,0.5312,0.6016,0.5781,0.6719
172,1,0.5312,0.5234,0.4766,0.4844,0.375,0.4219,0.5859,1,0.9844,0.9844,1,0.5391,0.5703,0.5,0.5312
173,0.8516,0.4219,0.4297,0.4297,0.5078,0.3203,0.3516,0.4297,0.9453,0.9766,0.9609,0.9844,0.4688,0.4609,0.4922,0.5
174,1,0.6562,0.6094,0.6328,0.6484,0.4375,0.6953,0.5781,1,0.9922,1,1,0.6641,0.6562,0.7109,0.6875
175,1,0.7656,0.6953,0.7344,0.7344,0.5312,0.7344,0.6797,1,1,1,1,0.7891,0.7812,0.7344,0.7812
176,1,0.6094,0.5703,0.6641,0.6094,0.3984,0.5234,0.6016,1,1,1,1,0.625,0.5547,0.6172,0.6484
177,0.7188,0.3516,0.375,0.375,0.5391,0.375,0.3516,0.4531,0.9766,0.9922,0.9922,0.9688,0.4922,0.4844,0.4297,0.4297
178,1,0.6797,0.7578,0.7578,0.6641,0.3906,0.7656,0.6875,1,1,1,0.9766,0.6406,0.7266,0.75,0.6406
179,1,0.6406,0.7188,0.7266,0.7031,0.3672,0.6875,0.6719,0.9922,1,1,0.9766,0.6484,0.6953,0.7031,0.7578
180,0.9375,0.375,0.3672,0.3984,0.3438,0.1797,0.3906,0.2891,0.9062,0.9609,0.9844,0.9922,0.3984,0.4141,0.3906,0.3672
181,0.8594,0.3594,0.3516,0.3828,0.4219,0.2422,0.3906,0.375,0.9219,0.9453,0.9609,0.9609,0.3984,0.4375,0.4766,0.4062
182,0.7812,0.4688,0.375,0.4297,0.3672,0.1172,0.3828,0.5156,0.9688,0.8906,0.9141,0.9453,0.4375,0.4609,0.5469,0.4922
183,0.8672,0.4062,0.4922,0.4766,0.5547,0.25,0.4531,0.6172,0.9844,0.9922,0.9766,0.9766,0.3516,0.5312,0.4922,0.4844
184,0.9922,0.4922,0.4844,0.4375,0.5,0.3359,0.5,0.4453,0.9844,0.9922,0.9922,1,0.4609,0.5547,0.5078,0.3984
185,0.8672,0.5625,0.4922,0.4219,0.4844,0.3984,0.4688,0.5391,0.9688,0.9844,0.9844,0.9844,0.4922,0.5078,0.5156,0.4062
186,0.9922,0.6641,0.7188,0.6484,0.6719,0.4062,0.6797,0.5469,1,1,1,1,0.6484,0.7109,0.7031,0.6562
187,1,0.6797,0.7656,0.7812,0.7891,0.5703,0.7891,0.6875,1,1,1,1,0.75,0.75,0.75,0.7734
188,0.9844,0.375,0.4453,0.4609,0.4844,0.2734,0.4609,0.3828,0.9453,0.9453,1,0.9922,0.4219,0.4922,0.4766,0.4688
189,0.8203,0.4766,0.4609,0.5,0.6406,0.3672,0.4766,0.3438,0.8203,0.9531,0.9922,0.9766,0.3516,0.5,0.4688,0.5234
190,0.9922,0.5781,0.4844,0.5469,0.6172,0.2344,0.5312,0.5625,0.9453,0.9688,1,0.9766,0.5781,0.5469,0.625,0.5781
191,1,0.6641,0.6719,0.5938,0.7031,0.5,0.7031,0.6172,0.9062,1,1,0.9922,0.5234,0.75,0.6562,0.6562
192,1,0.6016,0.5312,0.6016,0.5312,0.4531,0.5391,0.5,0.9922,1,1,0.9922,0.5391,0.5859,0.6406,0.5703
193,0.5234,0.1875,0.1875,0.1953,0.375,0.2031,0.1797,0.3672,0.9453,0.9766,0.9453,0.9766,0.1953,0.2344,0.1562,0.1875
194,0.8984,0.4219,0.375,0.4062,0.4062,0.2891,0.4219,0.4219,1,0.9766,0.9922,0.9688,0.375,0.3672,0.4922,0.4141
195,0.9297,0.3984,0.4453,0.4688,0.4297,0.3203,0.4922,0.4922,0.9844,1,0.9844,1,0.3594,0.4375,0.4609,0.4688
196,1,0.5469,0.6562,0.6328,0.5391,0.4297,0.6172,0.5391,0.9922,1,1,0.9922,0.5547,0.6484,0.6016,0.6562
197,0.8203,0.3672,0.4453,0.4922,0.5156,0.4062,0.3594,0.5547,0.9922,0.9922,0.9922,1,0.3984,0.3516,0.4844,0.4531
198,0.8438,0.3906,0.3828,0.3906,0.3438,0.1797,0.3672,0.2812,0.8984,0.9766,0.9922,0.9766,0.3203,0.3906,0.4844,0.4453
199,0.9062,0.4062,0.3906,0.3906,0.5,0.2734,0.375,0.3672,0.8594,1,0.9922,0.9766,0.4141,0.4609,0.4688,0.4609
200,1,0.5859,0.5781,0.5547,0.4922,0.4844,0.5469,0.5,1,1,0.9922,0.9922,0.5781,0.5703,0.5312,0.5938
201,0.625,0.2891,0.2578,0.3047,0.4844,0.1562,0.2422,0.4062,0.8984,0.8984,0.9141,0.9531,0.2734,0.3125,0.3828,0.3203
202,0.9922,0.4141,0.4297,0.4531,0.4453,0.3828,0.4141,0.5391,0.9844,1,1,0.9922,0.4688,0.5,0.4844,0.5625
203,0.8672,0.4062,0.4141,0.4531,0.6406,0.3438,0.4375,0.3672,0.9453,0.9844,0.9922,0.9766,0.4766,0.5469,0.4766,0.5625
204,1,0.6953,0.7031,0.6406,0.6953,0.5625,0.6641,0.5156,1,1,1,1,0.625,0.7344,0.6953,0.6875
205,0.9609,0.7031,0.5703,0.6641,0.6953,0.4609,0.6016,0.6406,1,1,1,0.9922,0.6094,0.6797,0.6641,0.6797
206,1,0.6562,0.6172,0.7266,0.6562,0.4609,0.6719,0.6797,0.9922,1,1,1,0.5859,0.6719,0.7031,0.6953
207,1,0.75,0.7578,0.7422,0.8125,0.5312,0.8047,0.6328,1,1,1,0.9922,0.7188,0.8125,0.7266,0.7266
208,1,0.5781,0.5625,0.6328,0.5625,0.4453,0.5547,0.4922,0.9922,1,1,1,0.5234,0.625,0.5938,0.5938
209,0.8125,0.3906,0.3906,0.3984,0.5234,0.375,0.4062,0.4766,0.9922,1,1,0.9766,0.3984,0.3672,0.4453,0.4531
210,0.875,0.3359,0.375,0.4453,0.3828,0.2109,0.3672,0.4062,0.9531,0.9844,1,0.9609,0.375,0.3828,0.4297,0.3672
211,0.8906,0.4453,0.4375,0.4531,0.4375,0.2812,0.4297,0.2891,0.8594,0.9609,0.9844,0.9688,0.4297,0.4141,0.3984,0.4453
212,1,0.7422,0.7031,0.6719,0.6094,0.3828,0.7578,0.6094,1,1,1,0.9922,0.5625,0.7188,0.7344,0.6797
213,1,0.7188,0.7266,0.6953,0.7266,0.4062,0.6953,0.6406,1,1,1,0.9688,0.6953,0.75,0.7266,0.6797
214,0.7812,0.4609,0.4062,0.3047,0.375,0.1562,0.4062,0.5547,0.9375,0.9219,0.9453,0.9531,0.375,0.4297,0.5156,0.4453
215,0.8203,0.4609,0.4688,0.4922,0.4766,0.2656,0.5156,0.6172,0.9453,0.9844,0.9922,0.9688,0.4141,0.4922,0.4609,0.4609
216,0.9844,0.4297,0.4922,0.4844,0.4844,0.4062,0.4531,0.4688,0.9922,0.9922,1,0.9922,0.4375,0.5,0.5625,0.5312
217,0.8359,0.5469,0.4453,0.3906,0.5391,0.2969,0.4844,0.4297,0.9688,0.9844,0.9844,1,0.3984,0.4766,0.4688,0.4062
218,0.9688,0.5391,0.3672,0.4609,0.375,0.3125,0.3672,0.3672,0.9531,0.9922,0.9844,0.9922,0.4141,0.5391,0.4766,0.4766
219,0.8125,0.4609,0.4297,0.4531,0.5703,0.3359,0.4141,0.2656,0.8672,0.9531,0.9922,0.9844,0.2969,0.3672,0.4453,0.4922
220,1,0.6953,0.6953,0.6406,0.5391,0.4219,0.625,0.6328,1,1,1,0.9609,0.5547,0.6797,0.7422,0.7109
221,1,0.7812,0.7188,0.7188,0.7812,0.5547,0.8047,0.6406,0.9922,1,1,1,0.7656,0.7422,0.7188,0.7031
222,0.9766,0.5938,0.5312,0.5234,0.5703,0.3438,0.5391,0.5469,0.9766,1,0.9688,0.9609,0.5469,0.5781,0.6172,0.4844
223,1,0.7266,0.6719,0.7188,0.7188,0.5938,0.6484,0.7188,0.9688,1,1,0.9922,0.5781,0.7891,0.6094,0.6953
224,1,0.5156,0.6172,0.5703,0.5,0.4141,0.625,0.5312,0.9922,0.9922,1,0.9922,0.5625,0.6016,0.6172,0.5781
225,0.5703,0.2656,0.3125,0.2812,0.4609,0.2344,0.2891,0.375,0.9297,0.8984,0.8672,0.9453,0.3125,0.3047,0.3594,0.2734
226,0.9922,0.5234,0.5156,0.5,0.4297,0.3203,0.4922,0.5,1,0.9922,0.9922,0.9844,0.4219,0.5156,0.6328,0.4922
227,0.8984,0.3672,0.4531,0.4453,0.5156,0.3906,0.4609,0.4062,0.9297,0.9844,0.9688,0.9844,0.4219,0.5,0.5703,0.5078
228,1,0.5234,0.4375,0.4453,0.4688,0.3828,0.4609,0.4844,0.9922,0.9922,0.9922,1,0.5,0.5547,0.5078,0.4922
229,0.8906,0.4688,0.4141,0.5156,0.5391,0.3203,0.4766,0.3984,0.9375,0.9531,0.9922,0.9688,0.375,0.5078,0.5234,0.4844
230,0.9609,0.3672,0.4766,0.4844,0.4453,0.3047,0.5156,0.3828,0.9141,0.9609,0.9844,0.9844,0.4688,0.5547,0.5,0.4609
231,0.8359,0.4141,0.4766,0.4219,0.5,0.3516,0.4453,0.3438,0.8359,0.9688,0.9766,0.9766,0.3906,0.4531,0.4922,0.4766
232,1,0.5938,0.5781,0.6016,0.6406,0.3516,0.7109,0.625,1,1,1,0.9922,0.5469,0.6484,0.6953,0.6641
233,0.5469,0.3594,0.4375,0.3281,0.5625,0.125,0.3906,0.5625,0.8828,0.8828,0.8047,0.9531,0.3594,0.4453,0.3906,0.3594
234,1,0.6406,0.6719,0.6406,0.5703,0.4062,0.7656,0.6016,0.9922,1,1,0.9922,0.625,0.6875,0.6875,0.7578
235,0.8125,0.6328,0.5547,0.5391,0.6328,0.2891,0.5469,0.5859,0.9688,0.9766,0.9922,0.9609,0.5547,0.6562,0.6016,0.5312
236,1,0.6484,0.6328,0.6641,0.6328,0.4609,0.6094,0.5625,1,1,1,1,0.625,0.6484,0.7109,0.6719
237,0.8906,0.5625,0.6094,0.5234,0.6094,0.2188,0.6094,0.6328,0.9922,0.9688,1,0.9453,0.4219,0.5781,0.6016,0.6172
238,1,0.7031,0.7109,0.7344,0.7422,0.5391,0.75,0.5625,1,1,1,1,0.7344,0.6953,0.7109,0.7656
239,1,0.7969,0.7344,0.7734,0.7812,0.5859,0.7578,0.6406,1,1,1,0.9922,0.75,0.8203,0.7656,0.7266
240,1,0.7812,0.6953,0.625,0.6016,0.5547,0.6797,0.625,1,1,1,0.9922,0.625,0.6641,0.5938,0.6562
241,0.9531,0.6016,0.6641,0.6016,0.6641,0.4609,0.6172,0.5781,1,1,1,0.9922,0.5938,0.625,0.6641,0.5781
242,1,0.6875,0.6875,0.6953,0.6719,0.375,0.7188,0.6328,1,1,1,0.9844,0.5703,0.7266,0.6953,0.7188
243,1,0.7188,0.7422,0.7109,0.75,0.5312,0.8125,0.6562,0.9922,1,1,1,0.7422,0.7344,0.75,0.7812
244,1,0.6484,0.625,0.6172,0.6875,0.4453,0.6406,0.6094,1,1,1,1,0.6484,0.6719,0.6875,0.6641
245,1,0.7031,0.8047,0.7812,0.7734,0.5547,0.6953,0.6562,1,1,1,1,0.7656,0.7109,0.7891,0.7344
246,0.9922,0.6172,0.5938,0.5156,0.5625,0.2734,0.5703,0.6641,0.9688,0.9609,0.9688,0.9844,0.5312,0.6406,0.5625,0.5391
247,1,0.6016,0.6875,0.7031,0.7734,0.5234,0.6953,0.7188,0.9141,0.9922,1,1,0.625,0.7188,0.5391,0.75
248,1,0.6797,0.6797,0.6016,0.6172,0.5391,0.6797,0.625,0.9922,1,1,0.9844,0.5703,0.7031,0.6641,0.7344
249,0.8203,0.5781,0.6016,0.5781,0.6328,0.3281,0.5703,0.6016,0.9844,0.9766,0.9922,0.9922,0.4922,0.6406,0.6562,0.5078
250,1,0.7188,0.7656,0.7109,0.6641,0.5703,0.7656,0.5859,0.9922,1,1,1,0.7422,0.7266,0.7891,0.7422
251,1,0.7656,0.7422,0.7578,0.7656,0.5625,0.8047,0.6641,1,1,1,1,0.7812,0.8203,0.6875,0.8281
252,1,0.7891,0.7188,0.7422,0.7188,0.5781,0.6641,0.7109,1,1,1,1,0.6953,0.7109,0.7812,0.7422
253,1,0.7578,0.7344,0.8203,0.7812,0.6406,0.7344,0.7188,0.9922,1,1,0.9922,0.6953,0.7969,0.7891,0.7656
254,1,0.7578,0.7578,0.7422,0.7734,0.5781,0.8359,0.6875,1,1,1,0.9766,0.7578,0.7656,0.8125,0.8125
255,1,0.8516,0.7656,0.7812,0.7812,0.7812,0.7734,0.7109,1,1,1,1,0.7969,0.7734,0.8125,0.7656
