config,n,rules,seeds,width,depth,params,success,ci_lo,ci_hi,success_f000_0,success_f000_1,exact_ever,persist,rules_all_seeds,rules_ge90,rules_zero,min_rule_success,cl_exact,cl_given_exact,cert_given_exact,median_first_exact,p90_first_exact,margin_exact,dead_l1_init,dead_l1_final,stuck_out_final,err000_given_fail_odd,template_given_exact,cover_pure_exact,pretrain_restarts,pretrain_none_passed,t_equiv,cpu_s_per_1k,T,frames,curriculum,ste,head,enc,act,bias_init,lr,data,batch,steps,pretrain
baseline_2024,32768,256,128,8,0,41,0.8827,0.8791,0.8861,0.9224,0.843,0.8827,0.8827,0.3086,0.5703,0.003906,0,0.4724,0.5352,0.00854,64,64,0.4948,1.068,1.229,0.103,0.4897,0,0.3109,25.82,0.7122,0.8827,41.51,1,all,False,False,relu_tanh_mse,01,relu,0,0.005,random,64,2560,True
nopre,32768,256,128,8,0,41,0.463,0.4576,0.4684,0.4822,0.4438,0.463,0.4629,0.003906,0.003906,0.003906,0,0.1514,0.3271,0.01496,128,320,0.4901,0.9959,1.355,1.413,0.6961,0,0.3806,,,0.463,17.52,1,all,False,False,relu_tanh_mse,01,relu,0,0.005,random,64,2560,False
data_full,32768,256,128,8,0,41,0.461,0.4556,0.4664,0.4749,0.4471,0.461,0.461,0.003906,0.003906,0.003906,0,0.1502,0.3258,0.01397,128,256,0.4903,1.006,1.367,1.422,0.7024,0,0.3773,,,0.461,16.39,1,all,False,False,relu_tanh_mse,01,relu,0,0.005,full,64,2560,False
batch8,32768,256,128,8,0,41,0.4623,0.4569,0.4677,0.4761,0.4485,0.4623,0.4622,0.003906,0.003906,0.003906,0,0.1519,0.3285,0.01452,128,320,0.4898,0.9953,1.349,1.421,0.7012,0,0.3781,,,0.4623,18.17,1,all,False,False,relu_tanh_mse,01,relu,0,0.005,random,8,2560,False
bias0.1,32768,256,128,8,0,41,0.5033,0.4979,0.5087,0.4686,0.5379,0.5033,0.5031,0.003906,0.003906,0,0.1641,0.1706,0.3389,0.01492,128,256,0.4911,0,0.4024,1.342,0.6381,0,0.4807,,,0.5033,18.37,1,all,False,False,relu_tanh_mse,01,relu,0.1,0.005,random,64,2560,False
enc_pm1,32768,256,128,8,0,41,0.3564,0.3512,0.3616,0.3538,0.3589,0.3564,0.3564,0.003906,0.003906,0.003906,0,0.2138,0.5999,0.05712,128,704,0.4941,0,0.01398,1.361,0.53,0,0.03048,,,0.3564,18.23,1,all,False,False,relu_tanh_mse,pm1,relu,0,0.005,random,64,2560,False
act_leaky,32768,256,128,8,0,41,0.4648,0.4594,0.4702,0.4767,0.453,0.4648,0.4648,0.003906,0.003906,0.003906,0,0.1572,0.3382,0.01464,128,256,0.4909,1.001,0.8879,1.365,0.6792,0,0.4803,,,0.4648,18.81,1,all,False,False,relu_tanh_mse,01,leaky_relu,0,0.005,random,64,2560,False
act_softplus,32768,256,128,8,0,41,0.4759,0.4705,0.4813,0.453,0.4988,0.4759,0.4755,0.003906,0.003906,0,0.1172,0.1671,0.3511,0.01398,128,384,0.4904,0.9998,0.5668,1.598,0.7941,0,0.3996,,,0.4759,24.92,1,all,False,False,relu_tanh_mse,01,softplus,0,0.005,random,64,2560,False
head_tanh_mse,32768,256,128,8,0,41,0.9655,0.9634,0.9674,0.9688,0.9621,0.9655,0.9641,0.3008,0.9023,0,0.7188,0.1349,0.1397,0.004078,128,320,0.4863,1.004,1.703,0,0.05636,0,0.3424,,,0.9655,21.56,1,all,False,False,tanh_mse,01,relu,0,0.005,random,64,2560,False
head_sigmoid_mse,32768,256,128,8,0,41,0.9776,0.976,0.9792,0.9768,0.9785,0.9776,0.9764,0.4297,0.9531,0,0.7891,0.9567,0.9786,0.2373,128,256,0.4865,0.9942,1.687,0,0.2181,0,0.2126,,,0.9776,21.81,1,all,False,False,sigmoid_mse,01,relu,0,0.005,random,64,2560,False
head_sigmoid_bce,32768,256,128,8,0,41,0.9828,0.9814,0.9842,0.9832,0.9825,0.9828,0.9799,0.4648,0.9648,0,0.8047,0.9789,0.996,0.8126,128,320,0.4988,0.9953,1.708,0,0.2683,0,0.1766,,,0.9828,21.62,1,all,False,False,sigmoid_bce,01,relu,0,0.005,random,64,2560,False
head_linear_mse,32768,256,128,8,0,41,0.9753,0.9736,0.9769,0.9741,0.9765,0.9759,0.9727,0.2188,0.9805,0,0.7422,0.1671,0.1714,0.0001565,128,320,0.5,1.004,1.694,0,0.2052,0,0.4124,,,0.9753,21.49,1,all,False,False,linear_mse,01,relu,0,0.005,random,64,2560,False
lr0.001,32768,256,128,8,0,41,0.4395,0.4342,0.4449,0.4573,0.4218,0.4395,0.438,0.003906,0.003906,0.003906,0,0.09167,0.2086,0.002569,384,896,0.4563,0.9989,1.291,1.452,0.685,0,0.4097,,,0.4395,17.5,1,all,False,False,relu_tanh_mse,01,relu,0,0.001,random,64,2560,False
lr0.02,32768,256,128,8,0,41,0.4784,0.473,0.4838,0.4918,0.465,0.4784,0.4784,0.003906,0.003906,0.003906,0,0.2742,0.5732,0.02169,64,128,0.4966,0.9988,1.536,1.39,0.7155,0,0.3593,,,0.4784,18.53,1,all,False,False,relu_tanh_mse,01,relu,0,0.02,random,64,2560,False
lr0.05,32768,256,128,8,0,41,0.4804,0.475,0.4858,0.5005,0.4603,0.4806,0.4804,0.003906,0.003906,0.003906,0,0.4181,0.8702,0.0728,64,64,0.4982,1.013,1.875,1.376,0.7178,0,0.3193,,,0.4804,18.62,1,all,False,False,relu_tanh_mse,01,relu,0,0.05,random,64,2560,False
steps4x,32768,256,128,8,0,41,0.4833,0.4779,0.4887,0.4985,0.4681,0.4833,0.4832,0.003906,0.003906,0.003906,0,0.4626,0.957,0.03807,128,384,0.4991,1.013,1.38,1.387,0.7107,0,0.3666,,,0.4833,48.84,1,all,False,False,relu_tanh_mse,01,relu,0,0.005,random,64,10240,False
