rule,wdf_relu_tanh_mse_H8_D0,wdf_relu_tanh_mse_H8_D1,wdf_relu_tanh_mse_H8_D2,wdf_relu_tanh_mse_H16_D0,wdf_relu_tanh_mse_H16_D1,wdf_relu_tanh_mse_H16_D2,wdf_relu_tanh_mse_H32_D0,wdf_relu_tanh_mse_H32_D1,wdf_relu_tanh_mse_H32_D2,wdf_relu_tanh_mse_H64_D0,wdf_relu_tanh_mse_H64_D1,wdf_relu_tanh_mse_H64_D2,wdf_relu_tanh_mse_H128_D0,wdf_relu_tanh_mse_H128_D1,wdf_relu_tanh_mse_H128_D2,wdf_sigmoid_bce_H8_D0,wdf_sigmoid_bce_H8_D1,wdf_sigmoid_bce_H8_D2,wdf_sigmoid_bce_H16_D0,wdf_sigmoid_bce_H16_D1,wdf_sigmoid_bce_H16_D2,wdf_sigmoid_bce_H32_D0,wdf_sigmoid_bce_H32_D1,wdf_sigmoid_bce_H32_D2,wdf_sigmoid_bce_H64_D0,wdf_sigmoid_bce_H64_D1,wdf_sigmoid_bce_H64_D2,wdf_sigmoid_bce_H128_D0,wdf_sigmoid_bce_H128_D1,wdf_sigmoid_bce_H128_D2,wdf_recipe_H4_D0,wdf_recipe_H4_D1,wdf_recipe_H4_D2,wdf_recipe_H8_D0,wdf_recipe_H8_D1,wdf_recipe_H8_D2,wdf_recipe_H16_D0,wdf_recipe_H16_D1,wdf_recipe_H16_D2,wdf_recipe_H32_D0,wdf_recipe_H32_D1,wdf_recipe_H32_D2,wdf_recipe_H64_D0,wdf_recipe_H64_D1,wdf_recipe_H64_D2,wdf_recipe_H128_D0,wdf_recipe_H128_D1,wdf_recipe_H128_D2,wdf_2024pretrain_H8,wdf_2024pretrain_H16,wdf_2024pretrain_H32,wdf_2024pretrain_H64
0,1,1,1,1,1,1,1,1,1,1,1,1,1,1,1,1,1,1,1,1,1,1,1,1,1,1,1,1,1,1,1,1,1,1,1,1,1,1,1,1,1,1,1,1,1,1,1,1,1,1,1,1
1,0,0,0,0,0,0,0,0,0,0,0,0,0,0,0,1,1,1,1,1,1,1,1,1,1,1,1,1,1,1,1,1,1,1,1,1,1,1,1,1,1,1,1,1,1,1,1,1,0,0,0,0
2,0.4531,0.4219,0.4062,0.5312,0.5625,0.5312,0.4219,0.4844,0.4844,0.4219,0.4844,0.4375,0.5,0.4531,0.2188,1,1,1,1,1,1,1,1,1,1,1,1,1,1,1,1,1,1,1,1,1,1,1,1,1,1,1,1,1,1,1,1,1,1,1,1,1
3,0.5,0.4844,0.2812,0.4531,0.3125,0.4062,0.3438,0.4062,0.4844,0.4688,0.3594,0.375,0.4688,0.1875,0.09375,1,1,1,1,1,1,1,1,1,1,1,1,1,1,1,1,1,1,1,1,1,1,1,1,1,1,1,1,1,1,1,1,1,1,1,1,1
4,0.6094,0.4844,0.4062,0.5625,0.4844,0.5312,0.5312,0.4688,0.4375,0.5156,0.4062,0.5156,0.4531,0.375,0.2031,1,1,1,1,1,1,1,1,1,1,1,1,1,1,1,1,1,1,1,1,1,1,1,1,1,1,1,1,1,1,1,1,1,1,1,1,1
5,0.5,0.4844,0.4844,0.5156,0.3125,0.4531,0.4219,0.4375,0.4219,0.4531,0.3594,0.3125,0.4219,0.1719,0.09375,1,1,1,1,1,1,1,1,1,1,1,1,1,1,1,1,1,1,1,1,1,1,1,1,1,1,1,1,1,1,1,1,1,1,1,1,1
6,0.3125,0.4062,0.375,0.2812,0.4844,0.4219,0.2969,0.3281,0.3438,0.2969,0.3906,0.3281,0.3125,0.2188,0.1875,0.9844,1,1,1,1,1,1,1,1,1,1,1,1,1,1,1,1,1,1,1,1,1,1,1,1,1,1,1,1,1,1,1,1,0.8438,0.9688,1,1
7,0.4062,0.4219,0.4375,0.4375,0.4219,0.3594,0.3438,0.3906,0.3281,0.3125,0.3281,0.4219,0.4062,0.2969,0.2031,1,1,0.9844,1,1,1,1,1,1,1,1,1,1,1,1,1,1,1,1,1,1,1,1,1,1,1,1,1,1,1,1,1,1,0.8594,0.9688,0.9688,1
8,0.4688,0.4844,0.3906,0.4375,0.3906,0.4844,0.5312,0.4688,0.5312,0.3906,0.4062,0.3906,0.5,0.2656,0.1406,1,1,1,1,1,1,1,1,1,1,1,1,1,1,1,1,1,1,1,1,1,1,1,1,1,1,1,1,1,1,1,1,1,1,1,1,1
9,0.1094,0.0625,0.1406,0.125,0.125,0.1562,0.0625,0.07812,0.1406,0.0625,0.07812,0.01562,0.04688,0.03125,0.0625,0.9531,1,0.9844,1,1,1,1,1,1,1,1,1,1,1,1,1,0.9844,1,1,1,1,1,1,1,1,1,1,1,1,1,1,1,1,0.6562,0.8594,0.8281,0.7812
10,0.5469,0.5625,0.5469,0.5312,0.6094,0.5625,0.4844,0.5156,0.6719,0.6719,0.5938,0.6562,0.7031,0.4219,0.3125,1,1,1,1,1,1,1,1,1,1,1,1,1,1,1,1,1,1,1,1,1,1,1,1,1,1,1,1,1,1,1,1,1,1,1,1,1
11,0.4688,0.5,0.4375,0.5781,0.4688,0.4844,0.5156,0.5469,0.5,0.6094,0.5938,0.4844,0.5938,0.4219,0.3594,1,1,1,1,1,1,1,1,1,1,1,1,1,1,1,1,1,1,1,1,1,1,1,1,1,1,1,1,1,1,1,1,1,1,1,1,1
12,0.5312,0.5,0.5625,0.6719,0.5156,0.5625,0.7188,0.5781,0.6094,0.625,0.5469,0.5938,0.5469,0.4219,0.3438,1,1,1,1,1,1,1,1,1,1,1,1,1,1,1,1,1,1,1,1,1,1,1,1,1,1,1,1,1,1,1,1,1,1,1,1,1
13,0.5156,0.6719,0.5156,0.6562,0.4844,0.5156,0.5938,0.5312,0.6094,0.5781,0.625,0.5938,0.5156,0.3594,0.2812,1,0.9844,1,1,1,1,1,1,1,1,1,1,1,1,1,1,1,1,1,1,1,1,1,1,1,1,1,1,1,1,1,1,1,1,1,1,1
14,0.6875,0.4844,0.4844,0.5625,0.5469,0.5781,0.6094,0.5469,0.6875,0.6406,0.6406,0.5938,0.6562,0.6094,0.5,1,1,1,1,1,1,1,1,1,1,1,1,1,1,1,1,1,1,1,1,1,1,1,1,1,1,1,1,1,1,1,1,1,0.9844,1,1,1
15,0.6719,0.6406,0.5469,0.6094,0.6875,0.6406,0.7656,0.7188,0.7031,0.7031,0.7031,0.5312,0.7344,0.7188,0.75,1,1,1,1,1,1,1,1,1,1,1,1,1,1,1,1,1,1,1,1,1,1,1,1,1,1,1,1,1,1,1,1,1,1,1,1,1
16,0.4375,0.4688,0.5781,0.6094,0.4844,0.4062,0.5781,0.5,0.4688,0.5156,0.5,0.4531,0.5625,0.3906,0.2344,1,1,1,1,1,1,1,1,1,1,1,1,1,1,1,1,1,1,1,1,1,1,1,1,1,1,1,1,1,1,1,1,1,1,1,1,1
17,0.4531,0.2969,0.3281,0.4844,0.6406,0.5156,0.4531,0.4062,0.4375,0.3594,0.375,0.3906,0.3906,0.125,0.0625,1,1,1,1,1,1,1,1,1,1,1,1,1,1,1,1,1,1,1,1,1,1,1,1,1,1,1,1,1,1,1,1,1,1,1,1,1
18,0.3281,0.3438,0.5,0.2812,0.3281,0.3125,0.2656,0.3438,0.4688,0.3281,0.2969,0.3281,0.3594,0.2188,0.2344,1,1,0.9844,1,1,1,1,1,1,1,1,1,1,1,1,1,1,1,1,1,1,1,1,1,1,1,1,1,1,1,1,1,1,0.9531,0.9375,1,1
19,0.3906,0.2969,0.4062,0.3906,0.3438,0.5312,0.4062,0.3438,0.4531,0.25,0.5312,0.3125,0.2188,0.3438,0.2656,1,1,0.9688,1,1,1,1,1,1,1,1,1,1,1,1,1,1,1,1,1,1,1,1,1,1,1,1,1,1,1,1,1,1,0.8594,0.9844,0.9844,1
20,0.3281,0.3594,0.3281,0.2969,0.4375,0.4844,0.2656,0.3125,0.3125,0.2812,0.3906,0.3906,0.4062,0.2656,0.1562,1,0.9688,0.9844,1,1,1,1,1,1,1,1,1,1,1,1,1,1,1,1,1,1,1,1,1,1,1,1,1,1,1,1,1,1,0.875,0.9688,1,0.9844
21,0.3281,0.5312,0.5,0.3125,0.3438,0.4375,0.375,0.3125,0.4844,0.3438,0.4219,0.4219,0.2969,0.25,0.2188,1,1,0.9844,1,1,1,1,1,1,1,1,1,1,1,1,1,1,1,1,1,1,1,1,1,1,1,1,1,1,1,1,1,1,0.9531,0.9688,0.9688,1
22,0.2031,0.3594,0.3594,0.2344,0.2344,0.3125,0.2969,0.1875,0.3125,0.2188,0.2188,0.3125,0.2969,0.2344,0.1562,0.8125,0.9531,1,1,1,1,1,1,1,1,1,1,1,1,1,0.9375,0.9688,0.9688,1,1,1,1,1,1,1,1,1,1,1,1,1,1,1,0.7031,0.7969,0.9375,1
23,0.3438,0.4844,0.4844,0.2812,0.4531,0.4219,0.2969,0.3438,0.3906,0.2656,0.3906,0.2812,0.2656,0.1875,0.3125,1,0.9844,1,1,1,1,1,1,1,1,1,1,1,1,1,1,1,1,1,1,1,1,1,1,1,1,1,1,1,1,1,1,1,0.7031,0.8438,0.8906,0.9844
24,0.25,0.4219,0.4375,0.25,0.4219,0.4531,0.2188,0.2969,0.3438,0.2656,0.3281,0.1875,0.3438,0.1406,0.09375,0.9844,1,0.9844,1,1,1,1,1,1,1,1,1,1,1,1,1,1,1,1,1,1,1,1,1,1,1,1,1,1,1,1,1,1,0.7969,0.8594,0.9219,0.9844
25,0.3281,0.2969,0.3594,0.3438,0.2969,0.4688,0.2188,0.3125,0.3125,0.2969,0.2344,0.3281,0.2656,0.0625,0.07812,0.9844,1,1,1,1,1,1,1,1,1,1,1,1,1,1,1,0.9844,0.9844,1,1,1,1,1,1,1,1,1,1,1,1,1,1,1,0.5938,0.75,0.8906,1
26,0.3281,0.3438,0.4375,0.4219,0.3906,0.4375,0.2969,0.4531,0.4375,0.4219,0.3438,0.375,0.4062,0.3281,0.2969,1,1,0.9688,1,1,1,1,1,1,1,1,1,1,1,1,1,1,1,1,1,1,1,1,1,1,1,1,1,1,1,1,1,1,0.7344,0.8125,0.9688,1
27,0.3906,0.4219,0.625,0.3125,0.5,0.5469,0.2969,0.4062,0.4375,0.3594,0.4375,0.5156,0.375,0.3125,0.2812,1,1,1,1,1,1,1,1,1,1,1,1,1,1,1,1,1,1,1,1,1,1,1,1,1,1,1,1,1,1,1,1,1,0.7656,0.9062,0.9531,1
28,0.3594,0.4062,0.3594,0.3125,0.2969,0.4219,0.2969,0.25,0.5469,0.3125,0.3281,0.3906,0.3281,0.2969,0.25,1,0.9688,1,1,1,1,1,1,1,1,1,1,1,1,1,1,1,0.9844,1,1,1,1,1,1,1,1,1,1,1,1,1,1,1,0.8125,0.8281,0.9531,1
29,0.375,0.4844,0.4844,0.4062,0.4219,0.5469,0.2812,0.4531,0.5312,0.4219,0.4844,0.3438,0.3906,0.2656,0.2656,1,1,1,1,1,1,1,1,1,1,1,1,1,1,1,1,1,1,1,1,1,1,1,1,1,1,1,1,1,1,1,1,1,0.7344,0.875,0.9375,1
30,0.3594,0.2656,0.4375,0.3281,0.2812,0.4375,0.3281,0.3125,0.3594,0.2969,0.3906,0.4062,0.3594,0.3906,0.4688,0.8594,0.9531,1,1,1,1,1,1,1,1,1,1,1,1,1,0.9375,0.9844,0.9531,1,1,1,1,1,1,1,1,1,1,1,1,1,1,1,0.75,0.7812,0.9219,1
31,0.4844,0.4062,0.5312,0.4531,0.5312,0.6562,0.375,0.4844,0.5156,0.375,0.5156,0.5,0.4219,0.5625,0.25,0.9844,1,1,1,1,1,1,1,1,1,1,1,1,1,1,1,1,1,1,1,1,1,1,1,1,1,1,1,1,1,1,1,1,0.7969,0.7656,0.9375,1
32,0.4688,0.4844,0.5469,0.5,0.4531,0.3906,0.5312,0.4375,0.2969,0.4844,0.3438,0.3125,0.3594,0.125,0.1406,1,0.9844,0.9844,1,1,1,1,1,1,1,1,1,1,1,1,1,1,1,1,1,1,1,1,1,1,1,1,1,1,1,1,1,1,1,1,1,1
33,0.1094,0.1875,0.2188,0.09375,0.09375,0.2188,0.0625,0.0625,0.1406,0.09375,0.09375,0.0625,0.04688,0,0.07812,0.9531,0.9531,0.9531,1,1,1,1,1,1,1,1,1,1,1,1,1,1,1,1,1,1,1,1,1,1,1,1,1,1,1,1,1,1,0.7031,0.7969,0.8125,0.9531
34,0.6094,0.625,0.5312,0.5781,0.5,0.5938,0.5312,0.5469,0.5781,0.5312,0.5469,0.625,0.5312,0.4844,0.375,1,1,1,1,1,1,1,1,1,1,1,1,1,1,1,1,1,1,1,1,1,1,1,1,1,1,1,1,1,1,1,1,1,1,1,1,1
35,0.6406,0.5469,0.4062,0.5781,0.6562,0.4375,0.6406,0.6562,0.625,0.5469,0.625,0.5625,0.6562,0.3594,0.4219,1,1,1,1,1,1,1,1,1,1,1,1,1,1,1,1,1,1,1,1,1,1,1,1,1,1,1,1,1,1,1,1,1,0.9844,1,1,1
36,0.3438,0.3438,0.3281,0.2969,0.2656,0.375,0.3594,0.3281,0.3438,0.2812,0.2656,0.125,0.2812,0.03125,0.1406,0.9844,0.9844,1,1,1,1,1,1,1,1,1,1,1,1,1,1,1,1,1,1,1,1,1,1,1,1,1,1,1,1,1,1,1,0.7188,0.9531,0.9688,1
37,0.2969,0.3281,0.3125,0.3125,0.375,0.3125,0.2969,0.25,0.3281,0.2812,0.3281,0.3281,0.2656,0.0625,0.1719,0.9844,1,0.9844,1,1,1,1,1,1,1,1,1,1,1,1,1,1,1,1,1,1,1,1,1,1,1,1,1,1,1,1,1,1,0.6875,0.7812,0.9062,1
38,0.2656,0.2812,0.4062,0.2969,0.4531,0.4062,0.2969,0.4219,0.3438,0.25,0.5469,0.4219,0.3594,0.3125,0.2344,0.9844,0.9844,1,1,1,1,1,1,1,1,1,1,1,1,1,1,1,0.9844,1,1,1,1,1,1,1,1,1,1,1,1,1,1,1,0.8125,0.9062,0.9219,1
39,0.3438,0.4219,0.5312,0.3125,0.4531,0.3906,0.3906,0.375,0.5312,0.2344,0.4844,0.5312,0.3594,0.2969,0.2188,0.9688,1,1,1,1,1,1,1,1,1,1,1,1,1,1,1,1,1,1,1,1,1,1,1,1,1,1,1,1,1,1,1,1,0.6719,0.8594,0.9688,1
40,0.3906,0.4688,0.4844,0.3281,0.4062,0.4844,0.4531,0.2656,0.5312,0.3438,0.375,0.3125,0.2656,0.1562,0.04688,0.9844,1,0.9844,1,1,1,1,1,1,1,1,1,1,1,1,1,0.9844,0.9844,1,1,1,1,1,1,1,1,1,1,1,1,1,1,1,0.9844,1,0.9844,1
41,0.1562,0.25,0.3281,0.09375,0.1094,0.1562,0.09375,0.09375,0.1875,0.03125,0.1094,0.1406,0.07812,0.1562,0.1406,0.9375,0.9531,0.9531,1,1,1,1,1,1,1,1,1,1,1,1,0.9375,0.9688,0.9844,1,1,1,1,1,1,1,1,1,1,1,1,1,1,1,0.7031,0.8125,0.7656,0.7656
42,0.5625,0.5469,0.5625,0.5938,0.5938,0.5,0.5781,0.6562,0.5,0.5781,0.5625,0.5781,0.5781,0.4219,0.5312,1,1,1,1,1,1,1,1,1,1,1,1,1,1,1,1,1,1,1,1,1,1,1,1,1,1,1,1,1,1,1,1,1,1,1,1,1
43,0.625,0.5312,0.5938,0.6562,0.5938,0.5625,0.75,0.6719,0.4844,0.5938,0.5781,0.6094,0.8281,0.625,0.4844,1,1,1,1,1,1,1,1,1,1,1,1,1,1,1,1,1,1,1,1,1,1,1,1,1,1,1,1,1,1,1,1,1,1,1,1,1
44,0.375,0.5,0.4062,0.4062,0.4375,0.5781,0.3594,0.375,0.3281,0.3594,0.3906,0.3906,0.4062,0.3281,0.1406,1,1,0.9844,1,1,1,1,1,1,1,1,1,1,1,1,1,1,1,1,1,1,1,1,1,1,1,1,1,1,1,1,1,1,0.7969,0.8281,1,0.9844
45,0.3125,0.4531,0.5938,0.4062,0.3906,0.2656,0.3906,0.4531,0.3594,0.25,0.3594,0.3438,0.3906,0.1719,0.1719,1,0.9688,1,1,1,1,1,1,1,1,1,1,1,1,1,0.9531,0.9531,0.9688,1,1,1,1,1,1,1,1,1,1,1,1,1,1,1,0.6406,0.7656,0.9219,0.9688
46,0.4688,0.5156,0.4219,0.4531,0.4688,0.6406,0.3906,0.4531,0.6562,0.4844,0.5312,0.5156,0.5156,0.5312,0.3594,0.9531,1,1,1,1,1,1,1,1,1,1,1,1,1,1,1,1,1,1,1,1,1,1,1,1,1,1,1,1,1,1,1,1,0.9531,1,1,1
47,0.5312,0.5938,0.6719,0.5469,0.6719,0.625,0.5938,0.6094,0.6875,0.625,0.6406,0.7188,0.7031,0.5469,0.375,1,1,1,1,1,1,1,1,1,1,1,1,1,1,1,1,1,1,1,1,1,1,1,1,1,1,1,1,1,1,1,1,1,0.9844,1,1,1
48,0.625,0.6875,0.4375,0.5938,0.5938,0.5781,0.5312,0.7031,0.6719,0.4844,0.6562,0.6719,0.4844,0.5156,0.4219,1,1,1,1,1,1,1,1,1,1,1,1,1,1,1,1,1,1,1,1,1,1,1,1,1,1,1,1,1,1,1,1,1,1,1,1,1
49,0.5156,0.4375,0.5,0.5312,0.625,0.5156,0.5625,0.5156,0.5,0.6875,0.5469,0.4219,0.5781,0.4219,0.3438,1,1,1,1,1,1,1,1,1,1,1,1,1,1,1,1,1,1,1,1,1,1,1,1,1,1,1,1,1,1,1,1,1,1,1,1,1
50,0.5781,0.4688,0.4844,0.6562,0.6094,0.5156,0.6719,0.5781,0.5469,0.6875,0.6094,0.5938,0.7656,0.5938,0.5312,1,1,1,1,1,1,1,1,1,1,1,1,1,1,1,1,1,1,1,1,1,1,1,1,1,1,1,1,1,1,1,1,1,1,1,1,1
51,0.6875,0.5938,0.5938,0.7656,0.625,0.5781,0.625,0.6406,0.5469,0.5938,0.7031,0.7344,0.7031,0.5469,0.5469,1,1,1,1,1,1,1,1,1,1,1,1,1,1,1,1,1,1,1,1,1,1,1,1,1,1,1,1,1,1,1,1,1,1,1,1,1
52,0.3125,0.4062,0.4844,0.3281,0.25,0.4062,0.4219,0.4062,0.3125,0.2812,0.3594,0.2188,0.375,0.2812,0.2188,0.9531,1,1,1,1,1,1,1,1,1,1,1,1,1,1,1,1,1,1,1,1,1,1,1,1,1,1,1,1,1,1,1,1,0.6719,0.9062,0.9688,1
53,0.4531,0.4375,0.5312,0.4375,0.3125,0.4375,0.4062,0.3438,0.5312,0.375,0.3906,0.4219,0.3125,0.3125,0.4062,0.9844,0.9688,1,1,1,1,1,1,1,1,1,1,1,1,1,1,1,1,1,1,1,1,1,1,1,1,1,1,1,1,1,1,1,0.7969,0.7812,0.9375,1
54,0.3125,0.5,0.5469,0.2812,0.5,0.4688,0.4062,0.4688,0.375,0.3125,0.2969,0.3281,0.4062,0.3594,0.3438,0.9531,0.9844,1,1,1,1,1,1,1,1,1,1,1,1,1,0.9688,1,0.9844,1,1,1,1,1,1,1,1,1,1,1,1,1,1,1,0.7812,0.7031,0.9531,1
55,0.3906,0.5312,0.5156,0.5156,0.3906,0.5781,0.5,0.5,0.5781,0.4219,0.3281,0.5,0.4688,0.3906,0.3125,1,1,1,1,1,1,1,1,1,1,1,1,1,1,1,1,1,1,1,1,1,1,1,1,1,1,1,1,1,1,1,1,1,0.7188,0.7656,0.9375,0.9844
56,0.375,0.375,0.4688,0.2969,0.4062,0.4844,0.2188,0.3594,0.4531,0.3281,0.4844,0.3906,0.4844,0.2344,0.1562,1,0.9531,1,1,1,1,1,1,1,1,1,1,1,1,1,1,1,1,1,1,1,1,1,1,1,1,1,1,1,1,1,1,1,0.7188,0.9219,0.9531,1
57,0.3281,0.4219,0.4844,0.3906,0.3125,0.4219,0.4062,0.3125,0.3906,0.3125,0.3594,0.3906,0.3281,0.1875,0.1406,1,1,0.9844,1,1,1,1,1,1,1,1,1,1,1,1,0.9531,0.9844,1,1,1,1,1,1,1,1,1,1,1,1,1,1,1,1,0.7656,0.7656,0.9062,1
58,0.4531,0.4375,0.5469,0.4688,0.5,0.5938,0.3906,0.4844,0.5469,0.4219,0.5625,0.6406,0.5312,0.5469,0.4531,0.9844,1,1,1,1,1,1,1,1,1,1,1,1,1,1,1,1,1,1,1,1,1,1,1,1,1,1,1,1,1,1,1,1,0.9844,0.9844,1,1
59,0.6562,0.5938,0.4531,0.6094,0.5625,0.5,0.5625,0.6875,0.6094,0.7188,0.75,0.6719,0.7031,0.5469,0.6094,1,1,1,1,1,1,1,1,1,1,1,1,1,1,1,1,1,1,1,1,1,1,1,1,1,1,1,1,1,1,1,1,1,0.9688,0.9844,1,1
60,0.375,0.4375,0.4844,0.4219,0.4062,0.5,0.3906,0.3438,0.4844,0.4844,0.5,0.5156,0.5781,0.4219,0.3906,0.9844,1,1,1,1,1,1,1,1,1,1,1,1,1,1,1,1,1,1,1,1,1,1,1,1,1,1,1,1,1,1,1,1,0.9844,1,1,1
61,0.4062,0.5625,0.5156,0.3906,0.5625,0.5781,0.3438,0.6094,0.4219,0.5625,0.5781,0.6719,0.4844,0.5469,0.3125,0.9844,0.9844,1,1,1,1,1,1,1,1,1,1,1,1,1,0.9844,1,0.9688,1,1,1,1,1,1,1,1,1,1,1,1,1,1,1,0.9844,1,1,1
62,0.3594,0.4844,0.4844,0.4375,0.5469,0.5469,0.4844,0.5781,0.6094,0.6562,0.5781,0.5469,0.5,0.5156,0.5625,0.9531,1,0.9844,1,1,1,1,1,1,1,1,1,1,1,1,1,1,0.9844,1,1,1,1,1,1,1,1,1,1,1,1,1,1,1,0.9531,1,1,1
63,0.6094,0.4688,0.6719,0.5938,0.6406,0.625,0.5938,0.7031,0.6406,0.6562,0.6562,0.625,0.7656,0.3281,0.2812,1,1,1,1,1,1,1,1,1,1,1,1,1,1,1,1,1,1,1,1,1,1,1,1,1,1,1,1,1,1,1,1,1,0.9844,1,1,1
64,0.4219,0.3281,0.4219,0.4844,0.5,0.5156,0.4062,0.5469,0.4375,0.4531,0.4531,0.3125,0.4844,0.2656,0.1094,1,1,1,1,1,1,1,1,1,1,1,1,1,1,1,1,1,1,1,1,1,1,1,1,1,1,1,1,1,1,1,1,1,1,1,1,1
65,0.125,0.1719,0.2188,0.03125,0.1406,0.09375,0.0625,0.1094,0.125,0.04688,0.125,0.07812,0.09375,0.04688,0.07812,0.9844,1,1,1,1,1,1,1,1,1,1,1,1,1,1,1,1,0.9844,1,1,1,1,1,1,1,1,1,1,1,1,1,1,1,0.6562,0.75,0.9062,0.875
66,0.375,0.3594,0.4062,0.3438,0.3281,0.3438,0.2969,0.3281,0.3594,0.25,0.2812,0.2031,0.2344,0.1094,0.07812,0.9844,1,1,1,1,1,1,1,1,1,1,1,1,1,1,1,1,0.9844,1,1,1,1,1,1,1,1,1,1,1,1,1,1,1,0.7188,0.9219,0.9844,1
67,0.375,0.3906,0.4375,0.3281,0.3906,0.3281,0.1719,0.3438,0.2969,0.2188,0.25,0.2656,0.25,0.09375,0.09375,0.9844,1,1,1,1,1,1,1,1,1,1,1,1,1,1,1,1,1,1,1,1,1,1,1,1,1,1,1,1,1,1,1,1,0.5469,0.8281,0.875,1
68,0.5781,0.5938,0.4688,0.6875,0.5469,0.5625,0.6406,0.5625,0.5469,0.6875,0.5938,0.4219,0.5156,0.4062,0.4688,1,1,1,1,1,1,1,1,1,1,1,1,1,1,1,1,1,1,1,1,1,1,1,1,1,1,1,1,1,1,1,1,1,1,1,1,1
69,0.5938,0.4531,0.5938,0.6562,0.5469,0.5625,0.5938,0.5625,0.5469,0.5312,0.4375,0.5469,0.6094,0.375,0.2656,1,1,1,1,1,1,1,1,1,1,1,1,1,1,1,1,1,1,1,1,1,1,1,1,1,1,1,1,1,1,1,1,1,1,1,1,1
70,0.3125,0.4375,0.4531,0.3281,0.3594,0.4844,0.3906,0.4375,0.3906,0.3438,0.4375,0.3438,0.3594,0.3125,0.2188,0.9844,0.9844,0.9844,1,1,1,1,1,1,1,1,1,1,1,1,1,1,1,1,1,1,1,1,1,1,1,1,1,1,1,1,1,1,0.6094,0.8281,1,1
71,0.3281,0.4531,0.4062,0.3594,0.4688,0.4844,0.3281,0.3125,0.4844,0.4062,0.3281,0.4688,0.375,0.4219,0.2188,1,0.9844,0.9844,1,1,1,1,1,1,1,1,1,1,1,1,1,1,1,1,1,1,1,1,1,1,1,1,1,1,1,1,1,1,0.7344,0.8125,0.9375,1
72,0.3594,0.4219,0.4688,0.4531,0.3594,0.5,0.2969,0.3125,0.4219,0.3594,0.3281,0.2656,0.3281,0.125,0.09375,0.9844,1,1,1,1,1,1,1,1,1,1,1,1,1,1,1,1,0.9844,1,1,1,1,1,1,1,1,1,1,1,1,1,1,1,1,1,1,1
73,0.1562,0.375,0.2656,0.1094,0.2344,0.1875,0.04688,0.125,0.1719,0.1406,0.1562,0.1562,0.09375,0.07812,0.04688,0.9219,0.9531,0.9688,1,1,1,1,1,1,1,1,1,1,1,1,0.9844,0.9844,0.9844,1,1,1,1,1,1,1,1,1,1,1,1,1,1,1,0.6875,0.7656,0.6719,0.9219
74,0.375,0.4688,0.4688,0.4688,0.375,0.4688,0.4219,0.4375,0.2656,0.3594,0.3594,0.4844,0.3594,0.3281,0.125,1,1,0.9688,1,1,1,1,1,1,1,1,1,1,1,1,1,1,1,1,1,1,1,1,1,1,1,1,1,1,1,1,1,1,0.7656,0.8906,0.9844,1
75,0.4062,0.3594,0.5156,0.4219,0.3906,0.4375,0.4219,0.4219,0.3594,0.4531,0.3281,0.2656,0.2656,0.2344,0.2031,1,1,0.9844,1,1,1,1,1,1,1,1,1,1,1,1,0.9375,1,0.9531,1,1,1,1,1,1,1,1,1,1,1,1,1,1,1,0.625,0.7344,0.875,1
76,0.4375,0.4844,0.6719,0.5781,0.5469,0.5156,0.6094,0.5469,0.625,0.5312,0.5625,0.6094,0.6406,0.7188,0.5,1,1,1,1,1,1,1,1,1,1,1,1,1,1,1,1,1,1,1,1,1,1,1,1,1,1,1,1,1,1,1,1,1,1,1,1,1
77,0.6719,0.4844,0.4375,0.6094,0.6406,0.5,0.8125,0.625,0.7031,0.7031,0.5781,0.625,0.7812,0.5,0.5625,1,1,1,1,1,1,1,1,1,1,1,1,1,1,1,1,1,1,1,1,1,1,1,1,1,1,1,1,1,1,1,1,1,1,1,1,1
78,0.4688,0.625,0.4844,0.4688,0.5,0.5938,0.5938,0.4844,0.5781,0.5781,0.5469,0.5,0.3906,0.5781,0.4844,0.9844,1,0.9688,1,1,1,1,1,1,1,1,1,1,1,1,1,1,0.9844,1,1,1,1,1,1,1,1,1,1,1,1,1,1,1,0.9531,1,1,1
79,0.5312,0.4844,0.6406,0.4688,0.6094,0.5469,0.5312,0.6562,0.6562,0.6562,0.7188,0.6719,0.6719,0.6875,0.5156,1,1,1,1,1,1,1,1,1,1,1,1,1,1,1,1,1,1,1,1,1,1,1,1,1,1,1,1,1,1,1,1,1,1,0.9844,1,1
80,0.5938,0.5625,0.4844,0.5469,0.4844,0.5938,0.5781,0.6875,0.5938,0.5625,0.5938,0.5938,0.5781,0.4062,0.3906,1,1,1,1,1,1,1,1,1,1,1,1,1,1,1,1,1,1,1,1,1,1,1,1,1,1,1,1,1,1,1,1,1,1,1,1,1
81,0.6562,0.5312,0.4375,0.5625,0.5781,0.5,0.5781,0.5625,0.5156,0.6094,0.5156,0.5781,0.5781,0.4688,0.3281,1,1,1,1,1,1,1,1,1,1,1,1,1,1,1,1,1,1,1,1,1,1,1,1,1,1,1,1,1,1,1,1,1,1,1,1,1
82,0.3281,0.3594,0.5,0.2812,0.375,0.4375,0.4844,0.3125,0.4844,0.3906,0.3438,0.3594,0.375,0.2969,0.2656,0.9531,1,0.9844,1,1,1,1,1,1,1,1,1,1,1,1,1,1,0.9844,1,1,1,1,1,1,1,1,1,1,1,1,1,1,1,0.7188,0.7812,1,1
83,0.3594,0.4375,0.4844,0.2969,0.4844,0.5,0.4219,0.375,0.4062,0.3438,0.3438,0.4688,0.3125,0.3125,0.2656,1,1,1,1,1,1,1,1,1,1,1,1,1,1,1,1,1,0.9844,1,1,1,1,1,1,1,1,1,1,1,1,1,1,1,0.7188,0.8438,1,1
84,0.6094,0.5625,0.5,0.6094,0.625,0.5156,0.5312,0.5156,0.5,0.6719,0.6875,0.6562,0.75,0.7031,0.5469,1,1,1,1,1,1,1,1,1,1,1,1,1,1,1,1,1,1,1,1,1,1,1,1,1,1,1,1,1,1,1,1,1,1,1,1,1
85,0.6562,0.625,0.6094,0.7969,0.6094,0.7031,0.6094,0.7031,0.6406,0.6562,0.7188,0.6406,0.6562,0.7188,0.7656,1,1,1,1,1,1,1,1,1,1,1,1,1,1,1,1,1,1,1,1,1,1,1,1,1,1,1,1,1,1,1,1,1,1,1,1,1
86,0.3125,0.4375,0.5469,0.375,0.5,0.4688,0.3438,0.5,0.375,0.3594,0.4844,0.3906,0.3438,0.3906,0.4062,0.9375,0.9688,0.9688,1,1,1,1,1,1,1,1,1,1,1,1,0.9844,0.9688,0.9688,1,1,1,1,1,1,1,1,1,1,1,1,1,1,1,0.5469,0.7188,0.9219,1
87,0.4688,0.5,0.5,0.4219,0.5,0.5781,0.4219,0.4531,0.4375,0.2812,0.4688,0.4219,0.4219,0.4062,0.3281,0.9844,1,0.9844,1,1,1,1,1,1,1,1,1,1,1,1,1,1,1,1,1,1,1,1,1,1,1,1,1,1,1,1,1,1,0.7188,0.7969,0.9531,1
88,0.4219,0.3594,0.4375,0.3906,0.2969,0.3281,0.375,0.4219,0.4219,0.3125,0.4375,0.3125,0.2969,0.4062,0.2344,0.9844,0.9844,1,1,1,1,1,1,1,1,1,1,1,1,1,1,0.9844,1,1,1,1,1,1,1,1,1,1,1,1,1,1,1,1,0.7344,0.9375,0.9844,1
89,0.2812,0.4219,0.4688,0.3438,0.4688,0.4844,0.3438,0.4219,0.4062,0.3906,0.4531,0.3125,0.375,0.25,0.1406,1,0.9844,1,1,1,1,1,1,1,1,1,1,1,1,1,0.9531,0.9531,1,1,1,1,1,1,1,1,1,1,1,1,1,1,1,1,0.7188,0.7188,0.9219,1
90,0.375,0.5156,0.5,0.3438,0.5312,0.4531,0.5781,0.5156,0.4062,0.5469,0.5781,0.5156,0.4062,0.375,0.3906,1,0.9844,0.9844,1,1,1,1,1,1,1,1,1,1,1,1,1,1,1,1,1,1,1,1,1,1,1,1,1,1,1,1,1,1,0.9844,1,1,1
91,0.4062,0.4531,0.4688,0.3906,0.4688,0.4688,0.3906,0.5312,0.5625,0.5312,0.5312,0.4375,0.4062,0.3438,0.5156,0.9844,0.9844,0.9844,1,1,1,1,1,1,1,1,1,1,1,1,1,1,1,1,1,1,1,1,1,1,1,1,1,1,1,1,1,1,0.9531,0.9844,1,1
92,0.2812,0.4375,0.6719,0.3906,0.4531,0.5625,0.4375,0.5469,0.625,0.4219,0.5469,0.4688,0.4219,0.5156,0.4375,1,0.9844,1,1,1,1,1,1,1,1,1,1,1,1,1,1,1,1,1,1,1,1,1,1,1,1,1,1,1,1,1,1,1,0.9688,0.9844,1,1
93,0.5938,0.6562,0.6875,0.7188,0.7188,0.5781,0.7031,0.6875,0.7188,0.6719,0.7969,0.6094,0.6562,0.5469,0.5312,1,1,0.9844,1,1,1,1,1,1,1,1,1,1,1,1,1,1,1,1,1,1,1,1,1,1,1,1,1,1,1,1,1,1,0.9531,1,1,1
94,0.4062,0.4375,0.4844,0.5156,0.5312,0.6562,0.4531,0.6562,0.5938,0.5312,0.5312,0.5938,0.5469,0.5781,0.4375,0.9531,0.9531,1,1,1,1,1,1,1,1,1,1,1,1,1,1,1,1,1,1,1,1,1,1,1,1,1,1,1,1,1,1,1,0.9531,1,1,1
95,0.7188,0.6094,0.5781,0.75,0.5781,0.625,0.6406,0.6875,0.6406,0.7188,0.7031,0.7031,0.6094,0.5156,0.2656,1,1,1,1,1,1,1,1,1,1,1,1,1,1,1,1,1,1,1,1,1,1,1,1,1,1,1,1,1,1,1,1,1,0.9844,1,1,1
96,0.3906,0.3906,0.3594,0.3906,0.4062,0.5469,0.3125,0.3594,0.4375,0.3594,0.3125,0.3281,0.2344,0.1719,0.07812,0.9688,1,1,1,1,1,1,1,1,1,1,1,1,1,1,1,1,1,1,1,1,1,1,1,1,1,1,1,1,1,1,1,1,0.9844,1,1,1
97,0.09375,0.2969,0.3438,0.1094,0.1562,0.25,0.04688,0.0625,0.1562,0.1406,0.1094,0.1406,0.0625,0.09375,0.03125,0.9531,1,1,1,1,1,1,1,1,1,1,1,1,1,1,0.9688,0.9688,0.9531,1,1,1,1,1,1,1,1,1,1,1,1,1,1,1,0.6875,0.7188,0.8125,0.8438
98,0.3281,0.4062,0.4062,0.2656,0.3125,0.4531,0.375,0.3594,0.3906,0.2812,0.4062,0.5,0.3281,0.1562,0.1094,0.9844,1,1,1,1,1,1,1,1,1,1,1,1,1,1,0.9844,1,1,1,1,1,1,1,1,1,1,1,1,1,1,1,1,1,0.7188,0.875,0.9688,0.9844
99,0.4375,0.4062,0.3906,0.3125,0.4375,0.5,0.3906,0.3906,0.5469,0.2969,0.5156,0.3906,0.375,0.2188,0.2656,0.9688,0.9844,0.9844,1,1,1,1,1,1,1,1,1,1,1,1,0.9531,1,0.9688,1,1,1,1,1,1,1,1,1,1,1,1,1,1,1,0.6719,0.7656,0.8594,0.9844
100,0.4688,0.4062,0.4688,0.4062,0.4688,0.3906,0.3281,0.4219,0.3438,0.3906,0.2812,0.3125,0.4375,0.2344,0.2031,0.9844,1,1,1,1,1,1,1,1,1,1,1,1,1,1,1,1,1,1,1,1,1,1,1,1,1,1,1,1,1,1,1,1,0.7969,0.8281,0.9688,1
101,0.3281,0.3594,0.4688,0.4062,0.4531,0.375,0.3125,0.375,0.375,0.375,0.3438,0.3906,0.375,0.1562,0.1406,1,0.9688,1,1,1,1,1,1,1,1,1,1,1,1,1,0.9375,1,1,1,1,1,1,1,1,1,1,1,1,1,1,1,1,1,0.7344,0.75,0.9062,1
102,0.5156,0.5,0.5781,0.4844,0.5781,0.5,0.4844,0.4688,0.5156,0.4062,0.5781,0.5156,0.4219,0.4531,0.4062,1,1,0.9844,1,1,1,1,1,1,1,1,1,1,1,1,1,0.9844,1,1,1,1,1,1,1,1,1,1,1,1,1,1,1,1,0.9844,1,1,1
103,0.3281,0.5312,0.6094,0.3906,0.5312,0.5156,0.4531,0.5625,0.625,0.375,0.5156,0.5,0.375,0.4375,0.2656,0.9844,1,1,1,1,1,1,1,1,1,1,1,1,1,1,1,1,1,1,1,1,1,1,1,1,1,1,1,1,1,1,1,1,0.9844,1,1,1
104,0.3125,0.375,0.4062,0.375,0.3281,0.375,0.3906,0.3125,0.4531,0.2812,0.2656,0.3438,0.3594,0.1094,0.09375,0.8906,0.9688,1,1,1,1,1,1,1,1,1,1,1,1,1,0.9688,1,1,1,1,1,1,1,1,1,1,1,1,1,1,1,1,1,0.7969,0.9531,0.9844,1
105,0.09375,0.4062,0.3281,0.1094,0.1562,0.1875,0.07812,0.1562,0.2188,0.125,0.2656,0.2344,0.09375,0.1562,0.07812,0.8438,0.9844,0.9844,0.9844,1,1,1,1,1,1,1,1,1,1,1,0.9219,0.9219,0.9531,1,1,1,1,1,1,1,1,1,1,1,1,1,1,1,0.625,0.6875,0.7969,0.8438
106,0.3438,0.5156,0.5,0.3125,0.4844,0.5,0.3125,0.5312,0.4844,0.3281,0.4531,0.4062,0.4375,0.2812,0.1719,0.9531,0.9844,0.9844,1,1,1,1,1,1,1,1,1,1,1,1,0.9688,1,0.9844,1,1,1,1,1,1,1,1,1,1,1,1,1,1,1,0.7656,0.9375,0.9531,1
107,0.5156,0.4219,0.3906,0.4844,0.375,0.5469,0.3594,0.3594,0.5938,0.3281,0.5312,0.5156,0.4375,0.2031,0.07812,0.8906,0.9844,1,1,1,1,1,1,1,1,1,1,1,1,1,0.9531,0.9844,0.9688,1,1,1,1,1,1,1,1,1,1,1,1,1,1,1,0.9062,0.7812,0.8906,0.9844
108,0.3281,0.4688,0.5156,0.4375,0.5469,0.3594,0.3438,0.4531,0.5625,0.4062,0.375,0.4375,0.3281,0.3125,0.125,0.9844,0.9844,1,1,1,1,1,1,1,1,1,1,1,1,1,0.9375,1,0.9844,1,0.9844,1,1,1,1,1,1,1,1,1,1,1,1,1,0.8594,0.9219,0.9688,1
109,0.3594,0.4062,0.4062,0.4375,0.3594,0.5469,0.3125,0.5,0.5312,0.375,0.4531,0.5,0.3281,0.2031,0.09375,0.9688,0.9531,0.9844,1,1,1,1,1,1,1,1,1,1,1,1,1,0.9844,1,1,1,1,1,1,1,1,1,1,1,1,1,1,1,1,0.8906,0.8438,0.8594,0.9531
110,0.4531,0.5156,0.5625,0.5,0.4844,0.6094,0.4531,0.5625,0.625,0.5,0.5469,0.6094,0.5156,0.25,0.1562,0.9844,1,0.9844,1,1,1,1,1,1,1,1,1,1,1,1,1,1,1,1,1,1,1,1,1,1,1,1,1,1,1,1,1,1,0.9375,0.9844,1,1
111,0.5469,0.4844,0.5469,0.4375,0.5625,0.5938,0.5312,0.4375,0.5312,0.5781,0.5,0.5,0.6406,0.2031,0.0625,0.9688,0.9844,1,1,1,1,1,1,1,1,1,1,1,1,1,1,1,0.9844,1,1,1,1,1,1,1,1,1,1,1,1,1,1,1,0.9531,0.9844,1,1
112,0.5156,0.625,0.5625,0.5469,0.5781,0.625,0.4844,0.5938,0.6562,0.625,0.5781,0.5625,0.5,0.6094,0.5469,1,1,1,1,1,1,1,1,1,1,1,1,1,1,1,1,1,1,1,1,1,1,1,1,1,1,1,1,1,1,1,1,1,1,1,1,1
113,0.625,0.625,0.5625,0.7031,0.6406,0.6406,0.6562,0.7031,0.6406,0.6094,0.5781,0.5156,0.7344,0.6406,0.4844,1,1,1,1,1,1,1,1,1,1,1,1,1,1,1,1,1,1,1,1,1,1,1,1,1,1,1,1,1,1,1,1,1,1,1,1,1
114,0.4219,0.5781,0.5469,0.375,0.3438,0.4844,0.4375,0.4062,0.5625,0.4531,0.4531,0.5,0.4375,0.5781,0.4844,1,1,1,1,1,1,1,1,1,1,1,1,1,1,1,1,1,1,1,1,1,1,1,1,1,1,1,1,1,1,1,1,1,0.9219,1,1,1
115,0.4688,0.5781,0.6094,0.6094,0.625,0.6094,0.6875,0.5156,0.7812,0.6875,0.7344,0.6562,0.6406,0.6562,0.625,1,1,1,1,1,1,1,1,1,1,1,1,1,1,1,1,1,1,1,1,1,1,1,1,1,1,1,1,1,1,1,1,1,1,1,1,1
116,0.4062,0.5156,0.4688,0.4844,0.4062,0.5938,0.4531,0.5156,0.5,0.3281,0.5,0.5469,0.4844,0.5469,0.4375,1,0.9688,0.9844,1,1,1,1,1,1,1,1,1,1,1,1,1,1,1,1,1,1,1,1,1,1,1,1,1,1,1,1,1,1,0.9219,0.9844,1,1
117,0.6094,0.7031,0.6094,0.6562,0.7031,0.6562,0.6094,0.625,0.7031,0.5938,0.625,0.6719,0.6094,0.6875,0.4844,1,0.9844,1,1,1,1,1,1,1,1,1,1,1,1,1,1,1,1,1,1,1,1,1,1,1,1,1,1,1,1,1,1,1,0.9688,0.9844,1,1
118,0.4531,0.5938,0.5,0.4375,0.5625,0.5156,0.6406,0.5156,0.3906,0.5156,0.4219,0.6562,0.4688,0.4531,0.4375,0.9844,0.9844,0.9688,1,1,1,1,1,1,1,1,1,1,1,1,1,0.9844,0.9844,1,1,1,1,1,1,1,1,1,1,1,1,1,1,1,0.9688,0.9688,1,1
119,0.5,0.6719,0.5781,0.625,0.6094,0.6094,0.5469,0.6406,0.7031,0.5469,0.5625,0.5938,0.625,0.4062,0.3438,1,1,1,1,1,1,1,1,1,1,1,1,1,1,1,1,1,1,1,1,1,1,1,1,1,1,1,1,1,1,1,1,1,1,0.9844,1,1
120,0.3594,0.4844,0.5781,0.2344,0.5156,0.4375,0.3906,0.4062,0.4844,0.3281,0.4219,0.4844,0.5781,0.1875,0.1719,0.9688,1,1,1,1,1,1,1,1,1,1,1,1,1,1,0.9688,0.9844,0.9844,1,1,1,1,1,1,1,1,1,1,1,1,1,1,1,0.8594,0.9531,0.9375,1
121,0.4062,0.4844,0.5,0.4062,0.3594,0.5156,0.3906,0.4375,0.5156,0.4531,0.4375,0.5312,0.4531,0.1719,0.07812,1,0.9844,0.9688,1,1,1,1,1,1,1,1,1,1,1,1,0.9375,0.9688,0.9375,1,1,1,1,1,1,1,1,1,1,1,1,1,1,1,0.7812,0.7344,0.8594,0.9688
122,0.4844,0.4375,0.5469,0.4062,0.4844,0.625,0.5938,0.6406,0.5938,0.4688,0.4844,0.5625,0.5625,0.2031,0.07812,1,0.9688,0.9688,1,1,1,1,1,1,1,1,1,1,1,1,1,1,1,1,1,1,1,1,1,1,1,1,1,1,1,1,1,1,0.9375,0.9688,1,1
123,0.4844,0.5,0.5469,0.5,0.4688,0.625,0.4688,0.5469,0.4844,0.5156,0.5938,0.375,0.4844,0.07812,0.04688,0.9531,0.9688,1,1,1,1,1,1,1,1,1,1,1,1,1,1,1,1,1,1,1,1,1,1,1,1,1,1,1,1,1,1,1,0.9219,0.9688,0.9844,1
124,0.3594,0.4062,0.5469,0.5156,0.5469,0.3906,0.4844,0.5469,0.4844,0.5625,0.5469,0.5781,0.5625,0.2812,0.1094,0.9844,1,0.9844,1,1,1,1,1,1,1,1,1,1,1,1,1,0.9844,1,1,1,1,1,1,1,1,1,1,1,1,1,1,1,1,0.9375,0.9688,1,1
125,0.375,0.6094,0.625,0.5312,0.6094,0.5781,0.5625,0.5781,0.5938,0.5469,0.5156,0.4375,0.4844,0.09375,0.07812,0.9844,1,1,1,1,1,1,1,1,1,1,1,1,1,1,1,1,1,1,1,1,1,1,1,1,1,1,1,1,1,1,1,1,0.9375,0.9688,1,1
126,0.5156,0.5469,0.5312,0.5469,0.5781,0.5938,0.5625,0.5781,0.6562,0.5469,0.5,0.3594,0.6406,0.0625,0.0625,0.9219,0.9844,1,1,1,1,1,1,1,1,1,1,1,1,1,1,1,1,1,1,1,1,1,1,1,1,1,1,1,1,1,1,1,0.7656,0.9531,0.9062,0.9844
127,0.7031,0.5625,0.5781,0.6094,0.4531,0.5,0.5938,0.3125,0.3438,0.7188,0.2031,0.125,0.2812,0.03125,0.03125,0.9844,0.9844,1,1,1,1,1,1,1,1,1,1,1,1,1,1,1,1,1,1,1,1,1,1,1,1,1,1,1,1,1,1,1,0.8438,0.8281,0.875,0.9062
128,0.5625,0.3906,0.5938,0.4531,0.5,0.4219,0.4062,0.4062,0.3906,0.4062,0.2344,0.2031,0.3438,0.125,0.04688,1,1,0.9688,1,1,1,1,1,1,1,1,1,1,1,1,1,1,1,1,1,1,1,1,1,1,1,1,1,1,1,1,1,1,1,1,1,1
129,0.03125,0.1094,0.1719,0.04688,0.0625,0.125,0.0625,0.01562,0.01562,0.09375,0.0625,0.03125,0.0625,0.0625,0.01562,0.9688,1,1,1,1,1,1,1,1,1,1,1,1,1,1,1,1,1,1,1,1,1,1,1,1,1,1,1,1,1,1,1,1,0.375,0.5156,0.6719,0.6719
130,0.4062,0.5,0.5156,0.3906,0.4688,0.4688,0.4375,0.3594,0.4844,0.3438,0.2656,0.2656,0.3438,0.1406,0.04688,1,1,1,1,1,1,1,1,1,1,1,1,1,1,1,1,1,1,1,1,1,1,1,1,1,1,1,1,1,1,1,1,1,0.9531,1,1,1
131,0.1875,0.2969,0.3438,0.125,0.25,0.3594,0.2812,0.3281,0.3281,0.3438,0.2188,0.1562,0.2812,0.07812,0.03125,0.9844,0.9844,0.9844,1,1,1,1,1,1,1,1,1,1,1,1,1,1,1,1,1,1,1,1,1,1,1,1,1,1,1,1,1,1,0.7188,0.7812,0.7969,0.9375
132,0.2656,0.5,0.5469,0.4688,0.3906,0.4531,0.3281,0.4219,0.5938,0.3906,0.3281,0.2344,0.4062,0.1562,0.07812,1,1,0.9844,1,1,1,1,1,1,1,1,1,1,1,1,1,1,0.9844,1,1,1,1,1,1,1,1,1,1,1,1,1,1,1,0.9531,1,1,1
133,0.25,0.3281,0.3125,0.1875,0.3125,0.2344,0.2031,0.2812,0.3281,0.1875,0.2344,0.2812,0.375,0.1094,0.03125,0.9688,1,0.9844,1,1,1,1,1,1,1,1,1,1,1,1,1,1,1,1,1,1,1,1,1,1,1,1,1,1,1,1,1,1,0.6875,0.7656,0.8438,0.9375
134,0.25,0.3594,0.4844,0.2188,0.3906,0.4062,0.2812,0.375,0.4219,0.3125,0.3125,0.3594,0.2969,0.25,0.04688,0.9531,0.9844,0.9688,1,1,1,1,1,1,1,1,1,1,1,1,0.9531,1,0.9844,1,1,1,1,1,1,1,1,1,1,1,1,1,1,1,0.8281,0.9688,1,0.9844
135,0.1875,0.4375,0.375,0.2969,0.4219,0.5156,0.2969,0.3125,0.3906,0.2969,0.3906,0.3594,0.25,0.1406,0.09375,0.9531,0.9531,0.9844,1,1,1,1,1,1,1,1,1,1,1,1,0.9375,0.9375,1,1,1,1,1,1,1,1,1,1,1,1,1,1,1,1,0.75,0.9219,0.9844,1
136,0.5938,0.5,0.4688,0.6094,0.5156,0.5625,0.5469,0.6562,0.4375,0.4688,0.5156,0.4844,0.6094,0.3438,0.1719,1,1,1,1,1,1,1,1,1,1,1,1,1,1,1,1,1,1,1,1,1,1,1,1,1,1,1,1,1,1,1,1,1,1,1,1,1
137,0.1719,0.2812,0.2812,0.1875,0.2188,0.2188,0.1875,0.1406,0.2188,0.125,0.125,0.2031,0.1562,0.09375,0.07812,0.9688,1,1,1,1,1,1,1,1,1,1,1,1,1,1,1,1,1,1,1,1,1,1,1,1,1,1,1,1,1,1,1,1,0.5,0.625,0.8125,0.9688
138,0.5781,0.5781,0.5781,0.5469,0.6875,0.6875,0.7344,0.6719,0.625,0.625,0.5781,0.5625,0.7656,0.5938,0.4531,1,1,1,1,1,1,1,1,1,1,1,1,1,1,1,1,1,1,1,1,1,1,1,1,1,1,1,1,1,1,1,1,1,1,1,1,1
139,0.3125,0.4844,0.4688,0.4375,0.5312,0.5156,0.3594,0.5,0.4531,0.3906,0.4062,0.4062,0.375,0.4844,0.3906,1,0.9844,0.9844,1,1,1,1,1,1,1,1,1,1,1,1,1,1,1,1,1,1,1,1,1,1,1,1,1,1,1,1,1,1,0.8281,0.8906,0.9219,0.9844
140,0.5938,0.6406,0.5938,0.6875,0.6406,0.5312,0.6094,0.6875,0.6406,0.6719,0.5781,0.5938,0.7812,0.5,0.4375,1,1,1,1,1,1,1,1,1,1,1,1,1,1,1,1,1,1,1,1,1,1,1,1,1,1,1,1,1,1,1,1,1,1,1,1,1
141,0.4062,0.4062,0.4688,0.3594,0.4375,0.4375,0.3906,0.4375,0.5,0.3906,0.5625,0.4688,0.4531,0.4375,0.3594,0.9531,1,0.9844,1,1,1,1,1,1,1,1,1,1,1,1,1,1,1,1,1,1,1,1,1,1,1,1,1,1,1,1,1,1,0.7656,0.8438,0.9844,1
142,0.7031,0.5469,0.6719,0.6562,0.6875,0.6562,0.7812,0.6719,0.6719,0.7812,0.7188,0.5781,0.8594,0.6562,0.625,1,1,1,1,1,1,1,1,1,1,1,1,1,1,1,1,1,1,1,1,1,1,1,1,1,1,1,1,1,1,1,1,1,1,1,1,1
143,0.6406,0.5781,0.6094,0.6875,0.7031,0.625,0.7344,0.7031,0.75,0.75,0.6719,0.6562,0.8125,0.6875,0.5938,1,1,1,1,1,1,1,1,1,1,1,1,1,1,1,1,1,1,1,1,1,1,1,1,1,1,1,1,1,1,1,1,1,1,1,1,1
144,0.3281,0.5469,0.4375,0.3594,0.4688,0.5156,0.3125,0.3594,0.4219,0.4219,0.3281,0.2812,0.3906,0.1719,0.125,0.9844,1,1,1,1,1,1,1,1,1,1,1,1,1,1,1,1,0.9844,1,1,1,1,1,1,1,1,1,1,1,1,1,1,1,0.9531,1,1,1
145,0.2812,0.2344,0.3125,0.2812,0.2656,0.3281,0.1719,0.3125,0.375,0.2344,0.1406,0.2188,0.1562,0.1094,0.04688,0.9688,1,1,1,1,1,1,1,1,1,1,1,1,1,1,1,0.9844,1,1,1,1,1,1,1,1,1,1,1,1,1,1,1,1,0.7812,0.8438,0.8281,0.9219
146,0.3125,0.3906,0.5156,0.3125,0.3906,0.4375,0.25,0.2812,0.3594,0.3281,0.25,0.3125,0.2969,0.2656,0.09375,0.9062,1,0.9688,1,1,1,1,1,1,1,1,1,1,1,1,0.9219,0.9844,0.9688,1,1,1,1,1,1,1,1,1,1,1,1,1,1,1,0.8906,0.9688,1,1
147,0.2656,0.4219,0.4531,0.2656,0.2812,0.3906,0.3594,0.3906,0.4219,0.3125,0.3438,0.4375,0.2031,0.2188,0.0625,0.9688,0.9844,0.9688,1,1,1,1,1,1,1,1,1,1,1,1,0.9688,1,0.9688,1,1,1,1,1,1,1,1,1,1,1,1,1,1,1,0.7812,0.9062,0.9844,0.9375
148,0.2969,0.3281,0.3281,0.2969,0.3125,0.3594,0.2656,0.3125,0.3438,0.2812,0.375,0.2812,0.1562,0.1875,0.1094,0.9062,0.9531,0.9844,1,1,1,1,1,1,1,1,1,1,1,1,0.9531,0.9844,0.9844,1,1,1,1,1,1,1,1,1,1,1,1,1,1,1,0.8906,0.9688,1,1
149,0.3125,0.3281,0.4062,0.3594,0.2969,0.3125,0.2812,0.3281,0.5156,0.2812,0.3906,0.3906,0.25,0.09375,0.03125,1,0.9844,1,1,1,1,1,1,1,1,1,1,1,1,1,1,0.9844,1,1,1,1,1,1,1,1,1,1,1,1,1,1,1,1,0.7812,0.8438,0.8594,0.9844
150,0.125,0.3594,0.3906,0.2656,0.2344,0.3906,0.3438,0.2031,0.4062,0.25,0.2656,0.5312,0.25,0.1719,0.125,0.8906,0.9688,0.9844,0.9844,1,1,1,1,1,1,1,1,1,1,1,0.9062,0.9375,0.9844,1,1,1,1,1,1,1,1,1,1,1,1,1,1,1,0.75,0.9375,0.8906,0.9844
151,0.1719,0.3594,0.5,0.2969,0.2812,0.4219,0.2656,0.4531,0.4688,0.3281,0.25,0.4062,0.4219,0.09375,0.03125,0.8125,0.9844,0.9844,1,1,1,1,1,1,1,1,1,1,1,1,0.9531,0.9688,1,1,1,1,1,1,1,1,1,1,1,1,1,1,1,1,0.7656,0.9375,0.9375,1
152,0.3438,0.4219,0.2812,0.3906,0.4531,0.4688,0.4219,0.2812,0.4531,0.4531,0.4219,0.4531,0.4219,0.3594,0.2344,1,1,0.9844,1,1,1,1,1,1,1,1,1,1,1,1,1,1,1,1,1,1,1,1,1,1,1,1,1,1,1,1,1,1,0.9531,0.9688,1,1
153,0.4688,0.4062,0.3594,0.4531,0.5,0.3906,0.4062,0.3906,0.4219,0.4844,0.3438,0.4844,0.3594,0.3594,0.1875,1,1,1,1,1,1,1,1,1,1,1,1,1,1,1,1,1,1,1,1,1,1,1,1,1,1,1,1,1,1,1,1,1,0.875,0.9375,0.9844,0.9688
154,0.5,0.4219,0.5156,0.4375,0.4844,0.4062,0.4688,0.5312,0.5625,0.375,0.4531,0.4844,0.375,0.4062,0.2344,0.9844,0.9844,0.9844,1,1,1,1,1,1,1,1,1,1,1,1,0.9688,0.9844,0.9844,1,1,1,1,1,1,1,1,1,1,1,1,1,1,1,0.875,0.9375,0.9688,1
155,0.3906,0.4375,0.5625,0.4844,0.4531,0.4688,0.375,0.3906,0.5781,0.4375,0.4062,0.5469,0.4219,0.3125,0.1719,1,0.9375,1,1,1,1,1,1,1,1,1,1,1,1,1,1,1,0.9844,1,1,1,1,1,1,1,1,1,1,1,1,1,1,1,0.875,0.9062,0.9844,1
156,0.4062,0.4844,0.5156,0.4688,0.4219,0.4219,0.4844,0.5312,0.5156,0.3125,0.375,0.5938,0.4375,0.3906,0.1562,1,1,1,1,1,1,1,1,1,1,1,1,1,1,1,0.9219,0.9688,0.9844,1,1,1,1,1,1,1,1,1,1,1,1,1,1,1,0.8906,0.9375,0.9688,1
157,0.5156,0.4375,0.5625,0.4531,0.5781,0.625,0.4062,0.4219,0.5156,0.4531,0.5,0.5,0.4375,0.1875,0.2344,0.9844,1,0.9688,1,1,1,1,1,1,1,1,1,1,1,1,1,0.9844,1,1,1,1,1,1,1,1,1,1,1,1,1,1,1,1,0.9062,0.9219,1,1
158,0.4688,0.4688,0.4844,0.4375,0.5312,0.5312,0.3906,0.5156,0.4688,0.4375,0.5469,0.625,0.5312,0.4062,0.2969,0.8906,0.9531,0.9688,1,1,1,1,1,1,1,1,1,1,1,1,0.9688,0.9844,0.9688,1,1,1,1,1,1,1,1,1,1,1,1,1,1,1,0.8281,0.8906,0.9062,0.9844
159,0.4688,0.6094,0.6094,0.4844,0.5156,0.5625,0.3906,0.375,0.4844,0.5781,0.4531,0.5,0.4844,0.25,0.125,0.9844,0.9844,0.9688,1,1,1,1,1,1,1,1,1,1,1,1,1,1,0.9844,1,1,1,1,1,1,1,1,1,1,1,1,1,1,1,0.875,0.875,0.9375,1
160,0.6719,0.625,0.5781,0.5312,0.5312,0.625,0.5312,0.4531,0.5625,0.625,0.5,0.2812,0.6719,0.2969,0.1562,1,1,1,1,1,1,1,1,1,1,1,1,1,1,1,1,1,1,1,1,1,1,1,1,1,1,1,1,1,1,1,1,1,1,1,1,1
161,0.1562,0.2188,0.3125,0.1562,0.2031,0.2812,0.2031,0.1875,0.09375,0.1562,0.1719,0.1562,0.1094,0.1875,0.0625,0.9219,1,1,1,1,1,1,1,1,1,1,1,1,1,1,1,1,0.9844,1,1,1,1,1,1,1,1,1,1,1,1,1,1,1,0.5469,0.625,0.7344,0.9688
162,0.5625,0.6719,0.5,0.625,0.5625,0.5,0.5781,0.5469,0.5156,0.625,0.6406,0.5781,0.6094,0.4844,0.4062,1,1,1,1,1,1,1,1,1,1,1,1,1,1,1,1,1,1,1,1,1,1,1,1,1,1,1,1,1,1,1,1,1,1,1,1,1
163,0.4062,0.375,0.4219,0.4531,0.5156,0.5156,0.2969,0.4844,0.5625,0.4219,0.5312,0.4844,0.3906,0.5,0.2812,0.9375,1,1,1,1,1,1,1,1,1,1,1,1,1,1,1,1,0.9688,1,1,1,1,1,1,1,1,1,1,1,1,1,1,1,0.75,0.875,0.9688,0.9844
164,0.4844,0.5,0.4844,0.4219,0.4219,0.5156,0.3125,0.4219,0.5156,0.5,0.4062,0.4062,0.4219,0.4219,0.2812,1,1,1,1,1,1,1,1,1,1,1,1,1,1,1,1,1,1,1,1,1,1,1,1,1,1,1,1,1,1,1,1,1,0.9375,0.9844,0.9844,1
165,0.4844,0.5,0.5156,0.4219,0.375,0.5625,0.4844,0.4688,0.4219,0.5,0.375,0.3594,0.4375,0.2344,0.2656,0.9844,1,0.9844,1,1,1,1,1,1,1,1,1,1,1,1,1,1,1,1,1,1,1,1,1,1,1,1,1,1,1,1,1,1,0.9375,0.9844,0.9531,1
166,0.4375,0.4375,0.6094,0.3594,0.5156,0.4375,0.4062,0.3906,0.5312,0.4375,0.4375,0.5625,0.5312,0.4531,0.1875,0.9844,0.9531,0.9844,1,1,1,1,1,1,1,1,1,1,1,1,0.9688,0.9688,0.9531,1,1,1,1,1,1,1,1,1,1,1,1,1,1,1,0.9219,0.9531,0.9688,1
167,0.3594,0.3906,0.5,0.5625,0.5312,0.6094,0.4062,0.5,0.5469,0.4219,0.3906,0.5469,0.2812,0.2969,0.1719,1,0.9844,1,1,1,1,1,1,1,1,1,1,1,1,1,1,1,1,1,1,1,1,1,1,1,1,1,1,1,1,1,1,1,0.9375,0.8906,0.9844,1
168,0.6094,0.4688,0.5781,0.5312,0.5938,0.5781,0.625,0.5938,0.6094,0.625,0.5312,0.625,0.5938,0.5625,0.4375,1,1,1,1,1,1,1,1,1,1,1,1,1,1,1,1,1,1,1,1,1,1,1,1,1,1,1,1,1,1,1,1,1,1,1,1,1
169,0.3125,0.2344,0.3281,0.4219,0.2812,0.4062,0.2031,0.2344,0.3281,0.2656,0.3906,0.2969,0.2812,0.4375,0.1875,0.8906,1,0.9844,1,1,1,1,1,1,1,1,1,1,1,1,0.9062,0.9688,1,1,1,1,1,1,1,1,1,1,1,1,1,1,1,1,0.5781,0.6094,0.6719,0.9219
170,0.7656,0.6875,0.6094,0.6875,0.7031,0.6719,0.7031,0.625,0.5781,0.7188,0.625,0.6875,0.6094,0.7656,0.6719,1,1,1,1,1,1,1,1,1,1,1,1,1,1,1,1,1,1,1,1,1,1,1,1,1,1,1,1,1,1,1,1,1,1,1,1,1
171,0.6719,0.5469,0.6094,0.6719,0.6406,0.5312,0.6406,0.6562,0.6875,0.7031,0.6875,0.5781,0.5938,0.6406,0.6719,1,1,1,1,1,1,1,1,1,1,1,1,1,1,1,1,1,1,1,1,1,1,1,1,1,1,1,1,1,1,1,1,1,0.9844,1,1,1
172,0.5312,0.5625,0.5312,0.5,0.5625,0.5781,0.625,0.5156,0.6562,0.625,0.7031,0.5938,0.5625,0.5625,0.4219,1,1,1,1,1,1,1,1,1,1,1,1,1,1,1,1,1,1,1,1,1,1,1,1,1,1,1,1,1,1,1,1,1,1,1,1,1
173,0.4219,0.5781,0.5312,0.5,0.4062,0.5156,0.4844,0.5312,0.5469,0.4531,0.5156,0.5781,0.4531,0.625,0.3125,0.9375,0.9844,1,1,1,1,1,1,1,1,1,1,1,1,1,1,1,1,1,1,1,1,1,1,1,1,1,1,1,1,1,1,1,0.8594,0.9062,0.9375,1
174,0.6406,0.7031,0.7344,0.7188,0.7031,0.6094,0.7656,0.7188,0.6562,0.8281,0.5469,0.75,0.8125,0.7188,0.6719,1,1,1,1,1,1,1,1,1,1,1,1,1,1,1,1,1,1,1,1,1,1,1,1,1,1,1,1,1,1,1,1,1,1,1,1,1
175,0.6406,0.6719,0.5781,0.7656,0.5781,0.6875,0.7656,0.7344,0.7344,0.7188,0.7031,0.7344,0.7812,0.7344,0.6562,1,1,1,1,1,1,1,1,1,1,1,1,1,1,1,1,1,1,1,1,1,1,1,1,1,1,1,1,1,1,1,1,1,1,1,1,1
176,0.5938,0.625,0.4844,0.5156,0.5625,0.6094,0.5625,0.5312,0.625,0.6406,0.5312,0.6562,0.6406,0.5469,0.4844,1,1,1,1,1,1,1,1,1,1,1,1,1,1,1,1,1,1,1,1,1,1,1,1,1,1,1,1,1,1,1,1,1,1,1,1,1
177,0.3438,0.5156,0.2969,0.3281,0.4844,0.4219,0.4531,0.4219,0.4375,0.4375,0.4844,0.4688,0.4062,0.3594,0.2812,1,1,1,1,1,1,1,1,1,1,1,1,1,1,1,1,1,1,1,1,1,1,1,1,1,1,1,1,1,1,1,1,1,0.7969,0.8438,0.9062,1
178,0.6875,0.6562,0.5469,0.7188,0.6406,0.5938,0.6875,0.6094,0.6719,0.7188,0.5781,0.7031,0.7656,0.7031,0.5156,1,1,1,1,1,1,1,1,1,1,1,1,1,1,1,1,1,1,1,1,1,1,1,1,1,1,1,1,1,1,1,1,1,1,1,1,1
179,0.7344,0.7344,0.6719,0.6406,0.7188,0.7188,0.7969,0.5,0.7656,0.6875,0.75,0.7812,0.7969,0.75,0.5469,1,1,1,1,1,1,1,1,1,1,1,1,1,1,1,1,1,1,1,1,1,1,1,1,1,1,1,1,1,1,1,1,1,0.9844,1,1,1
180,0.25,0.5312,0.5469,0.3281,0.4219,0.4844,0.3438,0.4062,0.5156,0.4062,0.4375,0.4844,0.4844,0.4062,0.1875,1,1,0.9844,1,1,1,1,1,1,1,1,1,1,1,1,0.9688,1,1,1,1,1,1,1,1,1,1,1,1,1,1,1,1,1,0.9062,0.9375,1,1
181,0.3594,0.4844,0.5312,0.3906,0.5,0.5625,0.5312,0.3594,0.4062,0.375,0.4062,0.5312,0.4531,0.2812,0.1406,0.9688,0.9688,1,1,1,1,1,1,1,1,1,1,1,1,1,1,1,0.9688,1,1,1,1,1,1,1,1,1,1,1,1,1,1,1,0.9062,0.9844,1,1
182,0.4062,0.5156,0.5156,0.3906,0.5938,0.625,0.4219,0.4844,0.5312,0.4531,0.5312,0.5938,0.5312,0.3438,0.1875,0.8906,0.9688,1,1,1,1,1,1,1,1,1,1,1,1,1,0.9688,0.9844,0.9688,1,1,1,1,1,1,1,1,1,1,1,1,1,1,1,0.7344,0.8125,0.8906,0.9844
183,0.5781,0.4219,0.5625,0.4062,0.6875,0.5781,0.5,0.5156,0.5156,0.3906,0.5469,0.3594,0.4062,0.2188,0.125,0.9844,1,1,1,1,1,1,1,1,1,1,1,1,1,1,1,1,0.9844,1,1,1,1,1,1,1,1,1,1,1,1,1,1,1,0.7969,0.8281,0.9844,1
184,0.5312,0.5469,0.6406,0.5,0.4688,0.5469,0.625,0.5156,0.6406,0.5938,0.6094,0.6094,0.4375,0.5625,0.6406,1,0.9844,1,1,1,1,1,1,1,1,1,1,1,1,1,1,0.9844,1,1,1,1,1,1,1,1,1,1,1,1,1,1,1,1,1,1,1,1
185,0.4531,0.5469,0.4375,0.4531,0.5938,0.6406,0.6406,0.5469,0.3906,0.4219,0.625,0.6094,0.5,0.5156,0.3281,1,1,0.9844,1,1,1,1,1,1,1,1,1,1,1,1,1,1,1,1,1,1,1,1,1,1,1,1,1,1,1,1,1,1,0.8281,0.9375,0.9844,0.9844
186,0.625,0.5469,0.5938,0.7344,0.6406,0.625,0.7656,0.7812,0.6719,0.7656,0.7031,0.7344,0.7344,0.8281,0.7969,1,1,1,1,1,1,1,1,1,1,1,1,1,1,1,1,1,1,1,1,1,1,1,1,1,1,1,1,1,1,1,1,1,1,1,1,1
187,0.7031,0.625,0.5781,0.7188,0.7656,0.6406,0.7031,0.7344,0.6875,0.7656,0.7656,0.6875,0.7656,0.6875,0.5625,1,1,1,1,1,1,1,1,1,1,1,1,1,1,1,1,1,1,1,1,1,1,1,1,1,1,1,1,1,1,1,1,1,1,1,1,1
188,0.4531,0.5,0.5156,0.5,0.4688,0.6719,0.5,0.6406,0.5938,0.4688,0.625,0.6094,0.6094,0.3438,0.2969,1,0.9531,0.9844,1,1,1,1,1,1,1,1,1,1,1,1,1,1,1,1,1,1,1,1,1,1,1,1,1,1,1,1,1,1,0.9375,1,1,1
189,0.4531,0.4688,0.4688,0.4375,0.5156,0.625,0.5312,0.6562,0.5781,0.5781,0.5,0.5156,0.5,0.2656,0.07812,1,1,0.9844,1,1,1,1,1,1,1,1,1,1,1,1,1,1,1,1,1,1,1,1,1,1,1,1,1,1,1,1,1,1,0.7969,0.9219,0.9375,0.9844
190,0.4844,0.5156,0.5156,0.6719,0.6875,0.7656,0.7031,0.6562,0.7031,0.6094,0.7656,0.6094,0.625,0.4375,0.3125,0.9531,0.9844,0.9844,1,1,1,1,1,1,1,1,1,1,1,1,1,1,1,1,1,1,1,1,1,1,1,1,1,1,1,1,1,1,1,1,1,1
191,0.6562,0.6094,0.625,0.6719,0.7031,0.7656,0.7188,0.6875,0.7344,0.7188,0.5938,0.4531,0.6406,0.25,0.1094,1,0.9688,1,1,1,1,1,1,1,1,1,1,1,1,1,1,1,1,1,1,1,1,1,1,1,1,1,1,1,1,1,1,1,1,1,1,1
192,0.6406,0.4531,0.5,0.6406,0.5938,0.5625,0.625,0.5156,0.4688,0.5781,0.4375,0.3906,0.6875,0.375,0.2656,1,1,1,1,1,1,1,1,1,1,1,1,1,1,1,1,1,1,1,1,1,1,1,1,1,1,1,1,1,1,1,1,1,1,1,1,1
193,0.1094,0.2812,0.2188,0.1406,0.1875,0.25,0.09375,0.2969,0.2031,0.1562,0.125,0.1406,0.1406,0.2031,0.1875,0.9219,0.9688,0.9844,1,1,1,1,1,1,1,1,1,1,1,1,1,0.9844,1,1,1,1,1,1,1,1,1,1,1,1,1,1,1,1,0.4688,0.625,0.75,0.9844
194,0.375,0.5469,0.5,0.3906,0.4219,0.4531,0.4844,0.5781,0.625,0.4531,0.4219,0.4219,0.3906,0.3281,0.2344,1,1,1,1,1,1,1,1,1,1,1,1,1,1,1,1,1,1,1,1,1,1,1,1,1,1,1,1,1,1,1,1,1,0.9375,0.9844,1,1
195,0.4844,0.4531,0.4531,0.4219,0.5,0.4219,0.3594,0.5156,0.4531,0.375,0.3125,0.5625,0.3594,0.3594,0.3281,0.9688,1,1,1,1,1,1,1,1,1,1,1,1,1,1,0.9844,0.9844,1,1,1,1,1,1,1,1,1,1,1,1,1,1,1,1,0.9531,0.9375,1,0.9688
196,0.6719,0.5469,0.5781,0.6094,0.6562,0.5156,0.6094,0.6719,0.6719,0.6094,0.5938,0.4688,0.6719,0.5625,0.4531,1,0.9844,1,1,1,1,1,1,1,1,1,1,1,1,1,1,1,1,1,1,1,1,1,1,1,1,1,1,1,1,1,1,1,1,1,1,1
197,0.4844,0.4531,0.5312,0.3438,0.4375,0.5156,0.4531,0.4219,0.4844,0.2812,0.5156,0.4688,0.4688,0.4062,0.2969,1,0.9844,1,1,1,1,1,1,1,1,1,1,1,1,1,1,1,1,1,1,1,1,1,1,1,1,1,1,1,1,1,1,1,0.7812,0.8438,0.9844,1
198,0.3125,0.5156,0.5312,0.4219,0.5,0.5938,0.4219,0.3906,0.3438,0.4062,0.4062,0.5469,0.375,0.4531,0.2344,0.9844,0.9844,1,1,1,1,1,1,1,1,1,1,1,1,1,0.9844,1,0.9844,1,1,1,1,1,1,1,1,1,1,1,1,1,1,1,0.875,0.9219,1,1
199,0.2344,0.5312,0.5469,0.4219,0.5938,0.5938,0.2969,0.5156,0.5781,0.5469,0.3906,0.375,0.4375,0.2188,0.2344,1,0.9688,1,1,1,1,1,1,1,1,1,1,1,1,1,1,1,1,1,1,1,1,1,1,1,1,1,1,1,1,1,1,1,0.9062,0.9688,0.9531,1
200,0.6719,0.5156,0.5469,0.6562,0.6406,0.5938,0.5469,0.6094,0.5156,0.7188,0.6094,0.6719,0.5469,0.5156,0.4062,1,1,1,1,1,1,1,1,1,1,1,1,1,1,1,1,1,1,1,1,1,1,1,1,1,1,1,1,1,1,1,1,1,1,1,1,1
201,0.3438,0.1562,0.4375,0.2031,0.2969,0.3438,0.3594,0.3125,0.1875,0.2969,0.3438,0.3125,0.2344,0.2969,0.2656,0.8594,1,1,1,1,1,1,1,1,1,1,1,1,1,1,0.9688,1,0.9844,1,1,1,1,1,1,1,1,1,1,1,1,1,1,1,0.7031,0.7031,0.7969,0.9062
202,0.5156,0.5312,0.5156,0.5469,0.4688,0.6406,0.5156,0.6406,0.6562,0.5469,0.5781,0.5938,0.5469,0.6094,0.5781,1,1,1,1,1,1,1,1,1,1,1,1,1,1,1,1,1,1,1,1,1,1,1,1,1,1,1,1,1,1,1,1,1,1,1,1,1
203,0.4844,0.4219,0.5625,0.4688,0.5156,0.625,0.5781,0.5781,0.5469,0.5,0.4844,0.5312,0.4062,0.4375,0.3594,0.9844,1,0.9844,1,1,1,1,1,1,1,1,1,1,1,1,1,1,1,1,1,1,1,1,1,1,1,1,1,1,1,1,1,1,0.8906,0.8438,0.9219,1
204,0.7344,0.6562,0.5938,0.7656,0.5938,0.75,0.7344,0.6875,0.7188,0.7031,0.6875,0.7188,0.7344,0.625,0.625,1,1,1,1,1,1,1,1,1,1,1,1,1,1,1,1,1,1,1,1,1,1,1,1,1,1,1,1,1,1,1,1,1,1,1,1,1
205,0.6562,0.4531,0.4531,0.6875,0.6875,0.5781,0.7031,0.6719,0.6094,0.6406,0.625,0.5781,0.5781,0.7031,0.5469,1,1,1,1,1,1,1,1,1,1,1,1,1,1,1,1,1,1,1,1,1,1,1,1,1,1,1,1,1,1,1,1,1,0.9844,0.9688,1,1
206,0.6875,0.7031,0.7031,0.4844,0.7344,0.7031,0.7812,0.7188,0.6562,0.6875,0.7031,0.7344,0.6875,0.75,0.6719,1,1,1,1,1,1,1,1,1,1,1,1,1,1,1,1,1,1,1,1,1,1,1,1,1,1,1,1,1,1,1,1,1,1,1,1,1
207,0.7344,0.6562,0.6562,0.8125,0.7188,0.75,0.8281,0.7656,0.625,0.6875,0.75,0.5938,0.7188,0.7812,0.5469,1,1,1,1,1,1,1,1,1,1,1,1,1,1,1,1,1,1,1,1,1,1,1,1,1,1,1,1,1,1,1,1,1,1,1,1,1
208,0.5938,0.5781,0.5625,0.6875,0.5,0.5469,0.7031,0.6719,0.6094,0.6406,0.7031,0.4844,0.6719,0.5938,0.4688,1,1,1,1,1,1,1,1,1,1,1,1,1,1,1,1,1,1,1,1,1,1,1,1,1,1,1,1,1,1,1,1,1,1,1,1,1
209,0.4688,0.4375,0.4844,0.4531,0.5,0.4844,0.375,0.5312,0.5469,0.3906,0.4844,0.4062,0.4219,0.4688,0.3906,1,1,0.9844,1,1,1,1,1,1,1,1,1,1,1,1,1,1,1,1,1,1,1,1,1,1,1,1,1,1,1,1,1,1,0.7344,0.8125,0.9688,0.9844
210,0.4062,0.375,0.5,0.3281,0.2812,0.5781,0.3438,0.4219,0.5156,0.3125,0.4531,0.6406,0.4062,0.4375,0.25,0.9844,1,1,1,1,1,1,1,1,1,1,1,1,1,1,0.9844,1,0.9844,1,1,1,1,1,1,1,1,1,1,1,1,1,1,1,0.9219,0.9375,0.9688,1
211,0.3594,0.5781,0.5312,0.4688,0.4219,0.4375,0.5156,0.5,0.5,0.4375,0.5781,0.5312,0.3906,0.2656,0.1562,1,1,0.9844,1,1,1,1,1,1,1,1,1,1,1,1,1,1,0.9844,1,1,1,1,1,1,1,1,1,1,1,1,1,1,1,0.9531,0.9688,0.9375,1
212,0.6719,0.5312,0.5625,0.7188,0.6562,0.6719,0.7031,0.7969,0.6562,0.6875,0.5938,0.6406,0.8281,0.7344,0.5625,1,1,1,1,1,1,1,1,1,1,1,1,1,1,1,1,1,1,1,1,1,1,1,1,1,1,1,1,1,1,1,1,1,1,1,1,1
213,0.7188,0.7344,0.6719,0.5938,0.6719,0.6094,0.7656,0.75,0.6562,0.6562,0.7344,0.7344,0.7656,0.6406,0.5,1,1,1,1,1,1,1,1,1,1,1,1,1,1,1,1,1,1,1,1,1,1,1,1,1,1,1,1,1,1,1,1,1,1,1,1,1
214,0.4219,0.5156,0.5625,0.4531,0.4844,0.4219,0.4688,0.4219,0.5625,0.5469,0.5625,0.6094,0.5,0.4062,0.3438,0.8906,0.9844,0.9844,0.9844,1,1,1,1,1,1,1,1,1,1,1,1,0.9844,0.9688,1,1,1,1,1,1,1,1,1,1,1,1,1,1,1,0.7812,0.875,0.9375,1
215,0.4844,0.5469,0.5938,0.5,0.625,0.6094,0.4375,0.5469,0.625,0.4688,0.5,0.5625,0.3438,0.1719,0.2031,0.9844,0.9844,0.9844,1,1,1,1,1,1,1,1,1,1,1,1,1,1,0.9844,1,1,1,1,1,1,1,1,1,1,1,1,1,1,1,0.8594,0.8906,0.9531,1
216,0.3906,0.5625,0.4688,0.4531,0.5938,0.625,0.6406,0.6406,0.625,0.5156,0.5469,0.6406,0.6094,0.6562,0.4844,1,1,1,1,1,1,1,1,1,1,1,1,1,1,1,1,1,1,1,1,1,1,1,1,1,1,1,1,1,1,1,1,1,1,1,1,1
217,0.5156,0.5938,0.5312,0.5156,0.5938,0.5781,0.5,0.4062,0.4688,0.5312,0.4844,0.6094,0.5312,0.3906,0.375,0.9688,1,0.9844,1,1,1,1,1,1,1,1,1,1,1,1,1,1,0.9844,1,1,1,1,1,1,1,1,1,1,1,1,1,1,1,0.7812,0.875,0.9375,1
218,0.4844,0.5469,0.6094,0.4375,0.6406,0.5312,0.5,0.5625,0.6406,0.5938,0.5312,0.6406,0.625,0.4375,0.2812,0.9844,1,1,1,1,1,1,1,1,1,1,1,1,1,1,1,1,1,1,1,1,1,1,1,1,1,1,1,1,1,1,1,1,0.9531,1,1,1
219,0.4688,0.5,0.5781,0.5156,0.5781,0.5781,0.6094,0.5781,0.4844,0.5312,0.5312,0.5,0.5938,0.2344,0.1562,1,1,1,1,1,1,1,1,1,1,1,1,1,1,1,1,0.9844,1,1,1,1,1,1,1,1,1,1,1,1,1,1,1,1,0.8438,0.9219,0.9844,1
220,0.6562,0.6406,0.6562,0.6719,0.6875,0.5781,0.7812,0.75,0.6719,0.6875,0.7344,0.6875,0.8281,0.625,0.6875,1,1,1,1,1,1,1,1,1,1,1,1,1,1,1,1,1,1,1,1,1,1,1,1,1,1,1,1,1,1,1,1,1,0.9844,1,1,1
221,0.75,0.6562,0.7656,0.7656,0.7656,0.7344,0.7344,0.8438,0.6875,0.75,0.7188,0.8125,0.8438,0.6562,0.5625,1,1,1,1,1,1,1,1,1,1,1,1,1,1,1,1,1,1,1,1,1,1,1,1,1,1,1,1,1,1,1,1,1,1,1,1,1
222,0.5156,0.5625,0.5312,0.4531,0.6094,0.625,0.5625,0.6406,0.75,0.625,0.6406,0.7344,0.7344,0.4219,0.3594,1,1,0.9844,1,1,1,1,1,1,1,1,1,1,1,1,1,1,1,1,1,1,1,1,1,1,1,1,1,1,1,1,1,1,1,1,1,1
223,0.6406,0.6562,0.5938,0.6406,0.5938,0.6719,0.7812,0.5938,0.6875,0.6094,0.5625,0.5781,0.6562,0.2656,0.07812,1,1,1,1,1,1,1,1,1,1,1,1,1,1,1,1,1,1,1,1,1,1,1,1,1,1,1,1,1,1,1,1,1,1,1,1,1
224,0.4688,0.5781,0.5,0.7031,0.625,0.4844,0.5938,0.5938,0.625,0.7344,0.5469,0.4844,0.5469,0.4844,0.3594,1,1,1,1,1,1,1,1,1,1,1,1,1,1,1,1,1,1,1,1,1,1,1,1,1,1,1,1,1,1,1,1,1,1,1,1,1
225,0.3594,0.375,0.4531,0.2969,0.25,0.3594,0.2344,0.2969,0.375,0.25,0.4062,0.25,0.3125,0.3281,0.3125,0.9531,1,0.9688,0.9844,1,1,1,1,1,1,1,1,1,1,1,0.9844,0.9844,0.9688,1,1,1,1,1,1,1,1,1,1,1,1,1,1,1,0.5781,0.6406,0.75,0.9688
226,0.5156,0.5,0.5781,0.5,0.5781,0.5469,0.5781,0.6719,0.5938,0.5469,0.6875,0.5781,0.4688,0.6562,0.5781,0.9844,0.9688,0.9844,1,1,1,1,1,1,1,1,1,1,1,1,1,1,0.9844,1,1,1,1,1,1,1,1,1,1,1,1,1,1,1,1,1,1,1
227,0.4844,0.5625,0.5625,0.4688,0.4688,0.5,0.4219,0.5156,0.5156,0.4062,0.5312,0.6406,0.5,0.4531,0.375,0.9844,0.9844,1,1,1,1,1,1,1,1,1,1,1,1,1,1,1,1,1,1,1,1,1,1,1,1,1,1,1,1,1,1,1,0.875,0.8906,0.9531,0.9844
228,0.5781,0.4219,0.3594,0.4375,0.5469,0.6094,0.5312,0.625,0.5938,0.6094,0.6094,0.5625,0.6094,0.625,0.4062,0.9688,0.9844,1,1,1,1,1,1,1,1,1,1,1,1,1,1,1,1,1,1,1,1,1,1,1,1,1,1,1,1,1,1,1,1,1,1,1
229,0.5312,0.5312,0.5469,0.4531,0.6094,0.5625,0.4531,0.4531,0.5625,0.5,0.6094,0.5625,0.4844,0.4844,0.375,0.9688,1,1,1,1,1,1,1,1,1,1,1,1,1,1,1,1,1,1,1,1,1,1,1,1,1,1,1,1,1,1,1,1,0.8438,0.9219,0.9219,0.9844
230,0.4375,0.5,0.5469,0.5312,0.5781,0.6094,0.5,0.5469,0.6562,0.4531,0.5469,0.6562,0.5938,0.4375,0.25,1,0.9844,1,1,1,1,1,1,1,1,1,1,1,1,1,1,1,1,1,1,1,1,1,1,1,1,1,1,1,1,1,1,1,0.9531,0.9844,1,1
231,0.4219,0.4375,0.6562,0.5625,0.5625,0.5469,0.7031,0.6562,0.6719,0.5781,0.5625,0.5156,0.6562,0.2188,0.125,0.9844,0.9844,0.9844,1,1,1,1,1,1,1,1,1,1,1,1,1,1,1,1,1,1,1,1,1,1,1,1,1,1,1,1,1,1,0.875,0.9375,1,1
232,0.5781,0.6562,0.4688,0.6406,0.6406,0.6094,0.6875,0.5,0.6719,0.6562,0.5625,0.5938,0.7344,0.5469,0.5,1,0.9844,0.9844,1,1,1,1,1,1,1,1,1,1,1,1,1,1,1,1,1,1,1,1,1,1,1,1,1,1,1,1,1,1,1,1,1,1
233,0.375,0.3594,0.375,0.4219,0.5469,0.2812,0.4844,0.3438,0.4219,0.4531,0.3906,0.4531,0.4531,0.4844,0.3281,0.8594,0.9531,1,1,1,1,1,1,1,1,1,1,1,1,1,1,0.9844,0.9688,1,1,1,1,1,1,1,1,1,1,1,1,1,1,1,0.4219,0.5625,0.7969,0.8906
234,0.7188,0.6406,0.625,0.75,0.625,0.6719,0.7188,0.7188,0.6719,0.7031,0.6406,0.7344,0.6875,0.8125,0.6406,1,1,1,1,1,1,1,1,1,1,1,1,1,1,1,1,1,1,1,1,1,1,1,1,1,1,1,1,1,1,1,1,1,1,1,1,1
235,0.4375,0.5781,0.5938,0.5781,0.6719,0.6719,0.5938,0.6406,0.5938,0.5938,0.6719,0.7188,0.6094,0.6562,0.4531,1,0.9844,1,1,1,1,1,1,1,1,1,1,1,1,1,1,1,1,1,1,1,1,1,1,1,1,1,1,1,1,1,1,1,0.8438,0.9062,0.9688,1
236,0.6562,0.75,0.7344,0.7031,0.5938,0.6719,0.7812,0.5781,0.6719,0.5938,0.75,0.7031,0.5781,0.6562,0.4844,1,0.9844,1,1,1,1,1,1,1,1,1,1,1,1,1,1,1,1,1,1,1,1,1,1,1,1,1,1,1,1,1,1,1,1,1,1,1
237,0.5625,0.625,0.6562,0.6562,0.6562,0.7031,0.5312,0.625,0.6406,0.5938,0.6406,0.6406,0.5938,0.625,0.3594,0.9844,0.9844,1,1,1,1,1,1,1,1,1,1,1,1,1,1,0.9844,1,1,1,1,1,1,1,1,1,1,1,1,1,1,1,1,0.8281,0.875,0.9531,1
238,0.75,0.6875,0.7031,0.7344,0.7969,0.7031,0.7969,0.7812,0.7344,0.7812,0.8281,0.7656,0.6875,0.6719,0.7344,1,1,1,1,1,1,1,1,1,1,1,1,1,1,1,1,1,1,1,1,1,1,1,1,1,1,1,1,1,1,1,1,1,1,1,1,1
239,0.7969,0.7812,0.6406,0.7188,0.7812,0.7969,0.7656,0.7188,0.6406,0.7969,0.7812,0.6406,0.75,0.7031,0.5938,1,1,1,1,1,1,1,1,1,1,1,1,1,1,1,1,1,1,1,1,1,1,1,1,1,1,1,1,1,1,1,1,1,1,1,1,1
240,0.7656,0.75,0.5781,0.7656,0.7969,0.6719,0.7812,0.6562,0.5625,0.625,0.6406,0.7031,0.75,0.7188,0.6719,1,1,1,1,1,1,1,1,1,1,1,1,1,1,1,1,1,1,1,1,1,1,1,1,1,1,1,1,1,1,1,1,1,1,1,1,1
241,0.6562,0.5469,0.5781,0.6875,0.7031,0.5938,0.6406,0.6406,0.5781,0.6406,0.6094,0.5469,0.6094,0.5938,0.6719,1,1,1,1,1,1,1,1,1,1,1,1,1,1,1,1,1,1,1,1,1,1,1,1,1,1,1,1,1,1,1,1,1,0.9688,1,0.9844,1
242,0.6719,0.6406,0.6562,0.6719,0.75,0.6094,0.7656,0.6719,0.5938,0.7031,0.7188,0.6875,0.8438,0.7656,0.6562,1,1,1,1,1,1,1,1,1,1,1,1,1,1,1,1,1,1,1,1,1,1,1,1,1,1,1,1,1,1,1,1,1,1,1,1,1
243,0.6875,0.7188,0.6719,0.6875,0.8438,0.7188,0.7188,0.8438,0.5781,0.6719,0.7344,0.7344,0.75,0.75,0.5,1,0.9844,1,1,1,1,1,1,1,1,1,1,1,1,1,1,1,1,1,1,1,1,1,1,1,1,1,1,1,1,1,1,1,1,1,1,1
244,0.6094,0.6875,0.6875,0.75,0.7031,0.5938,0.7188,0.7344,0.75,0.6406,0.5938,0.6875,0.5938,0.7344,0.7812,1,1,1,1,1,1,1,1,1,1,1,1,1,1,1,1,1,1,1,1,1,1,1,1,1,1,1,1,1,1,1,1,1,1,1,1,1
245,0.7812,0.7031,0.7031,0.75,0.6562,0.6719,0.8125,0.7969,0.7031,0.7188,0.6406,0.7344,0.7031,0.6406,0.5938,1,1,1,1,1,1,1,1,1,1,1,1,1,1,1,1,1,1,1,1,1,1,1,1,1,1,1,1,1,1,1,1,1,1,1,1,1
246,0.5312,0.5781,0.6094,0.6719,0.6875,0.625,0.5781,0.6406,0.6719,0.6562,0.7969,0.6094,0.7031,0.3594,0.2656,1,0.9844,1,1,1,1,1,1,1,1,1,1,1,1,1,1,1,1,1,1,1,1,1,1,1,1,1,1,1,1,1,1,1,1,1,1,1
247,0.6406,0.6875,0.625,0.7031,0.5625,0.6875,0.7344,0.7344,0.625,0.7656,0.5781,0.4531,0.6719,0.2344,0.1562,1,1,1,1,1,1,1,1,1,1,1,1,1,1,1,1,1,1,1,1,1,1,1,1,1,1,1,1,1,1,1,1,1,0.9844,1,1,1
248,0.625,0.6875,0.6406,0.6875,0.6875,0.6562,0.7188,0.6562,0.5781,0.7031,0.625,0.7031,0.7031,0.7188,0.4375,1,0.9844,1,1,1,1,1,1,1,1,1,1,1,1,1,1,1,1,1,1,1,1,1,1,1,1,1,1,1,1,1,1,1,1,1,1,1
249,0.7031,0.5625,0.5156,0.6406,0.6719,0.6875,0.5,0.5781,0.6719,0.6094,0.6562,0.6406,0.6719,0.6719,0.5,0.9844,0.9844,1,1,1,1,1,1,1,1,1,1,1,1,1,1,1,1,1,1,1,1,1,1,1,1,1,1,1,1,1,1,1,0.7812,0.875,0.9531,1
250,0.7656,0.7031,0.6562,0.8125,0.7188,0.6406,0.7969,0.7344,0.875,0.8125,0.625,0.7812,0.8125,0.7344,0.75,1,1,1,1,1,1,1,1,1,1,1,1,1,1,1,1,1,1,1,1,1,1,1,1,1,1,1,1,1,1,1,1,1,1,1,1,1
251,0.75,0.7812,0.5938,0.7656,0.6562,0.7656,0.7969,0.7812,0.6719,0.7656,0.7969,0.75,0.7812,0.6875,0.4688,1,1,1,1,1,1,1,1,1,1,1,1,1,1,1,1,1,1,1,1,1,1,1,1,1,1,1,1,1,1,1,1,1,1,1,1,1
252,0.75,0.6719,0.6875,0.8438,0.7188,0.75,0.8281,0.8281,0.8125,0.7656,0.75,0.6875,0.8125,0.7031,0.7969,1,1,1,1,1,1,1,1,1,1,1,1,1,1,1,1,1,1,1,1,1,1,1,1,1,1,1,1,1,1,1,1,1,1,1,1,1
253,0.6875,0.6875,0.6719,0.75,0.7344,0.6406,0.7969,0.7656,0.6562,0.7812,0.7344,0.7031,0.7969,0.75,0.5625,1,1,1,1,1,1,1,1,1,1,1,1,1,1,1,1,1,1,1,1,1,1,1,1,1,1,1,1,1,1,1,1,1,1,1,1,1
254,0.8125,0.6875,0.7031,0.7812,0.7969,0.6875,0.7812,0.8281,0.6875,0.7812,0.7812,0.8125,0.7969,0.7812,0.6562,1,1,1,1,1,1,1,1,1,1,1,1,1,1,1,1,1,1,1,1,1,1,1,1,1,1,1,1,1,1,1,1,1,1,1,1,1
255,0.8125,0.7812,0.7969,0.8438,0.7344,0.7969,0.7969,0.8594,0.7188,0.875,0.8125,0.8594,0.8438,0.7969,0.75,1,1,1,1,1,1,1,1,1,1,1,1,1,1,1,1,1,1,1,1,1,1,1,1,1,1,1,1,1,1,1,1,1,1,1,1,1
