config,pairs,success_f000_1,success_complement_f000_0,mean_diff,pairs_odd_worse,pairs_odd_better,reflection_pairs,reflection_mean_abs_diff,binomial_expected_abs_diff
relu_tanh_mse_01_b0.0_relu,64,0.4736,0.4165,0.05713,22,39,96,0.08887,0.09333
relu_tanh_mse_01_b0.0_leaky_relu,64,0.46,0.4062,0.05371,23,41,96,0.1077,0.09378
relu_tanh_mse_01_b0.0_softplus,64,0.5054,0.436,0.06934,19,40,96,0.09408,0.0948
relu_tanh_mse_01_b0.1_relu,64,0.5684,0.4121,0.1562,13,49,96,0.08789,0.0946
relu_tanh_mse_01_b0.1_leaky_relu,64,0.5732,0.4136,0.1597,8,54,96,0.08854,0.09372
relu_tanh_mse_01_b0.1_softplus,64,0.4951,0.4233,0.07178,20,37,96,0.09831,0.09461
relu_tanh_mse_pm1_b0.0_relu,64,0.3486,0.3486,0,28,29,96,0.08366,0.08954
relu_tanh_mse_pm1_b0.0_leaky_relu,64,0.2661,0.3276,-0.06152,37,22,96,0.08496,0.08617
relu_tanh_mse_pm1_b0.0_softplus,64,0.4038,0.3853,0.01855,25,33,96,0.0918,0.09134
relu_tanh_mse_pm1_b0.1_relu,64,0.3638,0.3311,0.03271,22,37,96,0.09603,0.09099
relu_tanh_mse_pm1_b0.1_leaky_relu,64,0.2827,0.3398,-0.05713,44,17,96,0.08529,0.0882
relu_tanh_mse_pm1_b0.1_softplus,64,0.4077,0.3716,0.03613,23,38,96,0.09408,0.09185
sigmoid_bce_01_b0.0_relu,64,0.9805,0.981,-0.0004883,12,16,96,0.01367,0.01366
sigmoid_bce_01_b0.0_leaky_relu,64,0.9995,0.9985,0.0009766,1,3,96,0.0009766,0.001085
sigmoid_bce_01_b0.0_softplus,64,1,0.9995,0.0004883,0,1,96,0.0003255,0.0003615
sigmoid_bce_01_b0.1_relu,64,0.9941,0.9951,-0.0009766,9,7,96,0.007487,0.003678
sigmoid_bce_01_b0.1_leaky_relu,64,0.9985,0.998,0.0004883,3,3,96,0.002604,0.001588
sigmoid_bce_01_b0.1_softplus,64,1,1,0,0,0,96,0,0
sigmoid_bce_pm1_b0.0_relu,64,0.9961,0.998,-0.001953,7,4,96,0.003581,0.001085
sigmoid_bce_pm1_b0.0_leaky_relu,64,1,1,0,0,0,96,0,0
sigmoid_bce_pm1_b0.0_softplus,64,1,1,0,0,0,96,0,0
sigmoid_bce_pm1_b0.1_relu,64,0.9956,0.999,-0.003418,8,1,96,0.003906,0.002169
sigmoid_bce_pm1_b0.1_leaky_relu,64,1,1,0,0,0,96,0,0
sigmoid_bce_pm1_b0.1_softplus,64,1,1,0,0,0,96,0,0
sigmoid_mse_01_b0.0_relu,64,0.9717,0.9712,0.0004883,17,14,96,0.01921,0.01316
sigmoid_mse_01_b0.0_leaky_relu,64,0.9902,0.9814,0.008789,7,18,96,0.00944,0.007703
sigmoid_mse_01_b0.0_softplus,64,0.9531,0.9585,-0.005371,13,14,96,0.02279,0.0192
sigmoid_mse_01_b0.1_relu,64,0.9844,0.9858,-0.001465,13,12,96,0.01237,0.008005
sigmoid_mse_01_b0.1_leaky_relu,64,0.9771,0.9819,-0.004883,15,13,96,0.01074,0.008752
sigmoid_mse_01_b0.1_softplus,64,0.9351,0.9385,-0.003418,16,14,96,0.02279,0.02289
sigmoid_mse_pm1_b0.0_relu,64,0.9858,0.9873,-0.001465,10,13,96,0.01172,0.00952
sigmoid_mse_pm1_b0.0_leaky_relu,64,0.9805,0.9795,0.0009766,11,14,96,0.01986,0.01138
sigmoid_mse_pm1_b0.0_softplus,64,0.9668,0.9761,-0.009277,17,10,96,0.01823,0.01489
sigmoid_mse_pm1_b0.1_relu,64,0.9854,0.9863,-0.0009766,12,10,96,0.0127,0.01117
sigmoid_mse_pm1_b0.1_leaky_relu,64,0.9751,0.9751,0,12,17,96,0.01855,0.01639
sigmoid_mse_pm1_b0.1_softplus,64,0.9609,0.9634,-0.002441,16,10,96,0.02018,0.02098
linear_mse_01_b0.0_relu,64,0.9673,0.9761,-0.008789,20,17,96,0.02116,0.01875
linear_mse_01_b0.0_leaky_relu,64,0.9937,0.9961,-0.002441,7,5,96,0.006185,0.003278
linear_mse_01_b0.0_softplus,64,1,1,0,0,0,96,0.0003255,0
linear_mse_01_b0.1_relu,64,0.9893,0.9888,0.0004883,13,11,96,0.0153,0.0109
linear_mse_01_b0.1_leaky_relu,64,0.9932,0.9951,-0.001953,10,5,96,0.007161,0.00555
linear_mse_01_b0.1_softplus,64,0.9995,0.999,0.0004883,1,1,96,0,0
linear_mse_pm1_b0.0_relu,64,0.9941,0.9951,-0.0009766,10,9,96,0.009766,0.007152
linear_mse_pm1_b0.0_leaky_relu,64,0.9995,0.9985,0.0009766,1,3,96,0.001302,0.001085
linear_mse_pm1_b0.0_softplus,64,1,1,0,0,0,96,0,0
linear_mse_pm1_b0.1_relu,64,0.9971,0.9956,0.001465,5,7,96,0.005534,0.002593
linear_mse_pm1_b0.1_leaky_relu,64,0.9995,0.998,0.001465,1,4,96,0.001953,0.001085
linear_mse_pm1_b0.1_softplus,64,1,1,0,0,0,96,0,0
