rule,relu_tanh_mse_01_b0.0_relu,relu_tanh_mse_01_b0.0_leaky_relu,relu_tanh_mse_01_b0.0_softplus,relu_tanh_mse_01_b0.1_relu,relu_tanh_mse_01_b0.1_leaky_relu,relu_tanh_mse_01_b0.1_softplus,relu_tanh_mse_pm1_b0.0_relu,relu_tanh_mse_pm1_b0.0_leaky_relu,relu_tanh_mse_pm1_b0.0_softplus,relu_tanh_mse_pm1_b0.1_relu,relu_tanh_mse_pm1_b0.1_leaky_relu,relu_tanh_mse_pm1_b0.1_softplus,sigmoid_bce_01_b0.0_relu,sigmoid_bce_01_b0.0_leaky_relu,sigmoid_bce_01_b0.0_softplus,sigmoid_bce_01_b0.1_relu,sigmoid_bce_01_b0.1_leaky_relu,sigmoid_bce_01_b0.1_softplus,sigmoid_bce_pm1_b0.0_relu,sigmoid_bce_pm1_b0.0_leaky_relu,sigmoid_bce_pm1_b0.0_softplus,sigmoid_bce_pm1_b0.1_relu,sigmoid_bce_pm1_b0.1_leaky_relu,sigmoid_bce_pm1_b0.1_softplus,sigmoid_mse_01_b0.0_relu,sigmoid_mse_01_b0.0_leaky_relu,sigmoid_mse_01_b0.0_softplus,sigmoid_mse_01_b0.1_relu,sigmoid_mse_01_b0.1_leaky_relu,sigmoid_mse_01_b0.1_softplus,sigmoid_mse_pm1_b0.0_relu,sigmoid_mse_pm1_b0.0_leaky_relu,sigmoid_mse_pm1_b0.0_softplus,sigmoid_mse_pm1_b0.1_relu,sigmoid_mse_pm1_b0.1_leaky_relu,sigmoid_mse_pm1_b0.1_softplus,linear_mse_01_b0.0_relu,linear_mse_01_b0.0_leaky_relu,linear_mse_01_b0.0_softplus,linear_mse_01_b0.1_relu,linear_mse_01_b0.1_leaky_relu,linear_mse_01_b0.1_softplus,linear_mse_pm1_b0.0_relu,linear_mse_pm1_b0.0_leaky_relu,linear_mse_pm1_b0.0_softplus,linear_mse_pm1_b0.1_relu,linear_mse_pm1_b0.1_leaky_relu,linear_mse_pm1_b0.1_softplus
0,1,1,1,1,1,1,1,1,1,1,1,1,1,1,1,1,1,1,1,1,1,1,1,1,1,1,1,1,1,1,1,1,1,1,1,1,1,1,1,1,1,1,1,1,1,1,1,1
1,0,0,0.3438,0.1875,0.3125,0.3125,0.4688,0.7188,0.4062,0.375,0.7188,0.4688,1,1,1,1,1,1,1,1,1,1,1,1,1,1,1,1,1,1,1,1,1,1,1,1,0.9688,1,1,1,1,1,1,1,1,1,1,1
2,0.375,0.5,0.3438,0.3438,0.5312,0.3125,0.6562,0.5312,0.4062,0.5,0.5938,0.4375,1,1,1,1,1,1,1,1,1,1,1,1,1,1,1,1,1,1,1,1,1,1,1,1,1,1,1,1,1,1,1,1,1,1,1,1
3,0.5,0.4062,0.4688,0.6562,0.5938,0.5312,0.625,0.5312,0.6875,0.4688,0.7812,0.5312,1,1,1,1,1,1,1,1,1,1,1,1,1,1,1,1,1,1,1,1,1,1,1,1,1,1,1,1,1,1,0.9688,1,1,1,1,1
4,0.4375,0.4062,0.3125,0.2812,0.375,0.375,0.5625,0.4688,0.4375,0.4062,0.5625,0.4375,1,1,1,1,1,1,1,1,1,1,1,1,1,1,1,1,1,1,1,1,1,1,1,1,1,1,1,1,1,1,1,1,1,1,1,1
5,0.5625,0.3438,0.5,0.5312,0.8125,0.4375,0.4062,0.75,0.6562,0.5312,0.5312,0.5938,1,1,1,1,1,1,1,1,1,1,1,1,1,1,1,1,1,1,1,1,1,1,1,1,1,1,1,1,1,1,1,1,1,1,1,1
6,0.3125,0.25,0.25,0.25,0.1875,0.3125,0.2188,0.5,0.4062,0.25,0.375,0.3125,0.9375,1,1,1,1,1,1,1,1,1,1,1,0.9375,1,1,1,1,1,1,1,0.9688,0.9688,0.9688,1,0.9688,1,1,1,1,1,1,1,1,1,1,1
7,0.375,0.2812,0.5,0.5938,0.25,0.5312,0.375,0.5625,0.5625,0.4062,0.3438,0.5312,1,1,1,1,1,1,1,1,1,1,1,1,1,1,1,1,1,1,1,1,1,1,1,1,1,1,1,1,1,1,1,1,1,1,1,1
8,0.5,0.5938,0.2188,0.5312,0.5312,0.125,0.4688,0.4375,0.5625,0.75,0.5625,0.5938,1,1,1,1,1,1,1,1,1,1,1,1,0.9688,1,1,1,1,1,1,1,1,1,1,1,1,1,1,1,1,1,0.9688,1,1,1,1,1
9,0.03125,0.125,0.1875,0.3438,0.375,0.3125,0.375,0.3438,0.2188,0.4062,0.375,0.1875,1,1,1,1,1,1,1,1,1,0.9688,1,1,1,1,1,1,1,1,0.9375,1,1,1,1,0.9688,1,1,1,1,1,1,1,1,1,1,1,1
10,0.625,0.625,0.6875,0.5938,0.6562,0.625,0.5312,0.7812,0.625,0.375,0.6875,0.6875,1,1,1,1,1,1,1,1,1,1,1,1,1,1,1,1,1,1,1,1,1,1,1,1,1,1,1,1,1,1,1,1,1,1,0.9688,1
11,0.6875,0.5312,0.625,0.5312,0.7812,0.625,0.4688,0.625,0.5,0.5312,0.5938,0.5625,1,1,1,1,1,1,1,1,1,1,1,1,1,1,1,1,1,1,1,1,1,1,1,1,1,1,1,1,1,1,1,1,1,1,1,1
12,0.75,0.7188,0.5312,0.5625,0.6562,0.375,0.5,0.5312,0.5938,0.5,0.6562,0.6562,1,1,1,1,1,1,1,1,1,1,1,1,1,1,1,1,1,1,1,1,1,1,1,1,1,1,1,1,1,1,1,1,1,1,1,1
13,0.5625,0.375,0.4375,0.8125,0.625,0.5312,0.5938,0.375,0.5625,0.375,0.3125,0.5312,1,1,1,1,1,1,1,1,1,1,1,1,1,1,1,1,1,1,1,1,1,1,1,1,0.9688,1,1,0.9688,1,1,1,1,1,1,1,1
14,0.7188,0.6562,0.5312,0.5625,0.6875,0.7188,0.4375,0.5625,0.5312,0.5312,0.5312,0.4062,1,1,1,1,1,1,1,1,1,1,1,1,1,1,1,1,1,1,1,1,1,1,1,1,1,1,1,1,1,1,1,1,1,1,1,1
15,0.8438,0.6562,0.6562,0.7812,0.6562,0.75,0.5938,0.7188,0.6875,0.6875,0.7188,0.5625,1,1,1,1,1,1,1,1,1,1,1,1,1,1,1,1,1,1,1,1,1,1,1,1,1,1,1,1,1,1,1,1,1,1,1,1
16,0.5,0.4062,0.4062,0.4062,0.5312,0.3125,0.6875,0.5938,0.625,0.4688,0.5,0.5938,1,1,1,1,1,1,1,1,1,1,1,1,1,1,1,1,1,1,1,1,1,1,1,1,1,1,1,1,1,1,1,1,1,1,1,1
17,0.4688,0.625,0.5,0.6875,0.5625,0.4375,0.6875,0.6562,0.5625,0.4688,0.6875,0.6562,1,1,1,1,1,1,1,1,1,1,1,1,1,1,1,1,1,1,1,1,1,1,1,1,1,1,1,1,1,1,1,1,1,1,1,1
18,0.4062,0.125,0.3125,0.4062,0.2188,0.375,0.3438,0.3125,0.2188,0.2812,0.375,0.4062,0.9688,1,1,1,1,1,1,1,1,1,1,1,1,1,1,1,1,1,1,0.9688,0.9375,0.9688,0.9688,1,1,1,1,1,1,1,0.9688,1,1,1,1,1
19,0.4062,0.5938,0.5938,0.3125,0.5312,0.6875,0.2812,0.3125,0.4375,0.5312,0.4062,0.4375,1,1,1,1,1,1,1,1,1,1,1,1,1,1,1,1,1,1,1,1,1,1,1,1,0.9688,1,1,1,1,1,1,1,1,1,1,1
20,0.09375,0.1875,0.25,0.2812,0.2188,0.3125,0.25,0.25,0.3438,0.3125,0.3125,0.3125,0.9375,1,1,1,1,1,1,1,1,1,1,1,1,1,1,1,1,1,1,1,1,0.9062,1,1,1,1,1,1,1,1,0.9688,1,1,1,1,1
21,0.3125,0.4062,0.3438,0.5625,0.5625,0.5625,0.4375,0.4688,0.4688,0.375,0.4062,0.5312,1,1,1,1,1,1,1,1,1,1,1,1,1,1,1,1,1,1,1,1,1,1,1,1,1,1,1,1,1,1,1,1,1,1,1,1
22,0.1562,0.25,0.375,0.125,0.3125,0.09375,0.125,0.1875,0.1562,0.2188,0.0625,0.09375,0.9062,0.9688,1,0.9688,1,1,0.9688,1,1,1,1,1,0.8438,1,1,1,1,0.8438,0.9688,0.875,1,0.875,0.9375,0.9688,0.9688,1,1,1,1,1,1,1,1,0.9688,1,1
23,0.1875,0.3438,0.6562,0.625,0.4375,0.625,0.4062,0.4062,0.6562,0.375,0.6562,0.625,1,1,1,1,1,1,1,1,1,1,1,1,1,1,1,1,1,1,1,1,1,1,1,1,1,1,1,1,1,1,1,1,1,1,1,1
24,0.25,0.3125,0.125,0.3125,0.125,0.3125,0.2812,0.1875,0.4062,0.2812,0.2188,0.2188,1,1,1,1,1,1,1,1,1,1,1,1,1,0.9375,0.9062,1,0.9688,0.8438,0.9688,0.9062,0.9062,1,1,0.9062,0.9688,1,1,0.9375,1,1,1,1,1,1,1,1
25,0.3125,0.2812,0.4688,0.1875,0.2812,0.3125,0.1875,0.2188,0.2188,0.25,0.25,0.2812,0.9688,1,1,1,1,1,1,1,1,1,1,1,0.9375,0.9688,0.875,0.9375,0.9375,0.7812,0.9688,0.9688,0.8125,1,1,1,0.9688,0.9688,1,0.9688,1,1,1,1,1,1,1,1
26,0.3438,0.3438,0.2812,0.2188,0.2188,0.5625,0.2812,0.25,0.375,0.1562,0.3125,0.3438,0.9688,1,1,0.9688,1,1,1,1,1,1,1,1,1,1,0.875,1,0.9688,0.8438,1,0.9688,0.9375,1,1,0.9688,1,1,1,1,1,1,0.9688,1,1,1,1,1
27,0.4062,0.2812,0.5938,0.3438,0.5938,0.4062,0.2812,0.3438,0.4062,0.5312,0.25,0.2188,0.9688,1,1,1,1,1,1,1,1,1,1,1,0.9688,1,1,1,1,1,1,1,1,1,1,1,0.9688,1,1,1,1,1,1,1,1,1,1,1
28,0.3438,0.2812,0.3438,0.4688,0.4062,0.5,0.2188,0.375,0.3438,0.375,0.1875,0.2812,0.9688,1,1,1,1,1,1,1,1,0.9688,1,1,1,1,0.9375,1,1,0.9062,1,1,1,0.9688,0.9688,0.9688,0.9688,1,1,1,1,1,1,1,1,1,1,1
29,0.5312,0.2812,0.4062,0.5,0.4688,0.5,0.4688,0.3125,0.3125,0.2812,0.25,0.3438,0.9688,1,1,1,1,1,1,1,1,1,1,1,1,1,1,1,1,1,1,1,1,1,1,1,1,1,1,1,1,1,1,1,1,1,1,1
30,0.3438,0.2812,0.4062,0.4062,0.375,0.375,0.0625,0.09375,0.2188,0.2188,0.1875,0.4688,0.9062,1,1,0.9688,1,1,1,1,1,1,1,1,0.9375,1,0.9688,1,1,0.9688,0.9688,0.9375,0.9688,1,0.9688,0.8125,1,1,1,1,1,1,1,1,1,1,0.9688,1
31,0.3125,0.4375,0.4375,0.5312,0.4375,0.625,0.4062,0.3125,0.6875,0.3438,0.4062,0.4062,1,1,1,1,1,1,1,1,1,1,1,1,1,1,1,1,1,1,1,1,1,1,1,1,1,1,1,1,1,1,1,1,1,1,1,1
32,0.5312,0.625,0.4062,0.625,0.3125,0.5312,0.5,0.4062,0.4375,0.4688,0.5625,0.375,1,1,1,1,1,1,1,1,1,1,1,1,1,1,1,1,1,1,1,1,1,1,1,1,1,1,1,1,1,1,1,1,1,1,1,1
33,0.09375,0.0625,0.3438,0.4062,0.4688,0.2188,0.2188,0.125,0.1875,0.375,0.1562,0.3438,1,1,1,1,1,1,1,1,1,1,1,1,1,1,1,1,1,1,1,0.9688,0.9688,0.9375,1,0.9688,0.9375,1,1,1,1,1,1,1,1,1,1,1
34,0.5938,0.5938,0.5938,0.4375,0.5938,0.5312,0.75,0.5,0.5,0.4062,0.7188,0.5625,1,1,1,1,1,1,1,1,1,1,1,1,1,1,1,1,1,1,1,1,1,1,1,1,1,1,1,1,1,1,1,1,1,1,1,1
35,0.5,0.4062,0.5625,0.625,0.5625,0.6562,0.4062,0.4062,0.3125,0.4375,0.4688,0.5625,1,1,1,1,1,1,1,1,1,1,1,1,1,1,1,1,1,1,1,1,1,1,1,1,0.9688,1,1,1,1,1,1,1,1,1,1,1
36,0.3125,0.2188,0.2812,0.2812,0.4375,0.2812,0.2188,0.25,0.3438,0.2188,0.25,0.375,1,1,1,1,1,1,1,1,1,1,1,1,0.9375,0.9375,0.9688,0.9688,0.9375,0.8125,0.9375,0.9375,0.9375,0.9688,1,0.875,1,1,1,1,1,1,1,1,1,1,0.9688,1
37,0.2188,0.2188,0.375,0.2188,0.3125,0.4688,0.2812,0.3438,0.375,0.375,0.2188,0.2812,1,1,1,1,1,1,1,1,1,1,1,1,0.9688,0.9688,0.8438,1,0.9688,0.8125,1,1,1,0.9688,0.9688,0.9688,0.9062,1,1,1,1,1,1,1,1,1,1,1
38,0.2812,0.3125,0.4062,0.2188,0.3438,0.4062,0.3125,0.1562,0.25,0.3125,0.25,0.375,0.9688,1,1,1,1,1,1,1,1,1,1,1,0.9688,0.9688,0.9688,1,0.9688,0.9062,1,0.9688,0.9375,0.9688,0.9688,0.9688,0.9688,1,1,1,1,1,1,1,1,1,1,1
39,0.4375,0.3438,0.375,0.5625,0.4375,0.625,0.3438,0.3438,0.3125,0.2188,0.25,0.4062,1,1,1,1,1,1,1,1,1,1,1,1,1,1,1,1,1,1,1,1,1,1,1,1,1,1,1,1,0.9688,1,1,1,1,1,1,1
40,0.375,0.4375,0.3125,0.4375,0.3125,0.3125,0.3438,0.4688,0.1875,0.2812,0.3125,0.4062,0.9688,1,1,0.9375,1,1,1,1,1,1,1,1,1,0.9688,1,0.9688,1,1,1,1,0.9688,0.9688,0.9688,0.9688,1,0.9688,1,0.9688,0.9688,1,1,1,1,0.9688,1,1
41,0.1562,0.125,0.2188,0.09375,0.3125,0.1875,0.1875,0.09375,0.2188,0.09375,0.09375,0.09375,0.9062,1,1,0.9375,1,1,1,1,1,1,1,1,0.9375,1,0.8125,1,0.9375,0.7188,0.875,0.9062,1,0.8438,0.875,0.9062,0.9688,0.9688,1,0.9062,1,1,1,1,1,1,1,1
42,0.4062,0.5625,0.5,0.5625,0.625,0.5938,0.5,0.5,0.4062,0.3125,0.5,0.6562,1,1,1,1,1,1,1,1,1,1,1,1,1,1,1,1,1,1,1,1,1,1,1,1,1,1,1,1,1,1,0.9688,1,1,1,1,1
43,0.6875,0.5938,0.6875,0.6875,0.8438,0.5312,0.3438,0.375,0.8125,0.5625,0.4688,0.6875,1,1,1,1,1,1,1,1,1,1,1,1,1,1,1,1,1,1,1,1,1,1,1,1,1,1,1,0.9688,1,1,1,1,1,0.9688,1,1
44,0.3125,0.375,0.4688,0.2812,0.5,0.5,0.375,0.1562,0.3438,0.2812,0.25,0.375,1,1,1,1,1,1,1,1,1,1,1,1,0.9688,0.9375,0.9688,1,0.9062,0.9375,0.9688,1,0.9688,1,0.9062,0.875,0.9375,1,1,1,1,1,0.9688,1,1,0.9375,1,1
45,0.2812,0.3438,0.4062,0.4062,0.4688,0.5938,0.1875,0.0625,0.3125,0.25,0.1875,0.1875,0.9688,1,1,1,1,1,1,1,1,1,1,1,0.9688,0.9688,0.9375,1,1,0.9062,0.9062,1,1,1,0.9375,0.9375,0.9375,0.9688,1,0.9688,0.9688,1,0.9688,1,1,1,1,1
46,0.375,0.4062,0.5312,0.2188,0.2812,0.5312,0.1562,0.125,0.5938,0.4688,0.3125,0.25,0.9688,0.9688,1,1,1,1,1,1,1,1,1,1,1,1,1,1,1,1,1,1,0.9688,1,1,1,1,1,1,0.9688,1,1,1,1,1,1,1,1
47,0.5938,0.6562,0.4062,0.625,0.625,0.6875,0.5312,0.4688,0.5938,0.4688,0.5,0.5625,1,1,1,1,1,1,1,1,1,1,1,1,1,1,1,1,1,1,1,1,1,1,1,1,1,1,1,1,1,1,1,1,1,1,1,1
48,0.5938,0.4375,0.6562,0.7188,0.75,0.5312,0.625,0.625,0.625,0.5,0.4688,0.4688,1,1,1,1,1,1,1,1,1,1,1,1,1,1,1,1,1,1,1,1,1,1,1,1,1,1,1,1,1,1,1,1,1,1,1,1
49,0.5312,0.6875,0.5625,0.6562,0.7188,0.4688,0.5938,0.4688,0.625,0.3438,0.625,0.6562,1,1,1,1,1,1,1,1,1,1,1,1,1,1,1,1,1,1,1,1,1,1,1,1,1,1,1,1,1,1,0.9688,1,1,1,1,1
50,0.4375,0.5938,0.4688,0.6875,0.7188,0.5312,0.5625,0.5,0.625,0.375,0.4688,0.4375,1,1,1,1,1,1,1,1,1,1,1,1,1,1,1,1,1,1,1,1,1,1,1,1,0.9688,1,1,1,1,1,0.9688,1,1,1,1,1
51,0.8438,0.625,0.6562,0.7812,0.6875,0.5938,0.6562,0.6875,0.7188,0.625,0.8125,0.5625,1,1,1,1,1,1,1,1,1,1,1,1,1,1,1,1,1,1,1,1,1,1,1,1,1,1,1,1,1,1,1,1,1,1,1,1
52,0.25,0.25,0.3125,0.25,0.375,0.5,0.2188,0.1875,0.3125,0.3125,0.25,0.1875,1,1,1,1,1,1,1,1,1,1,1,1,1,1,0.9375,0.9688,1,0.8438,1,0.9375,0.9062,1,0.9688,0.9375,0.9375,1,1,1,1,1,1,1,1,1,1,1
53,0.2812,0.1875,0.4375,0.5,0.5938,0.4375,0.4688,0.4062,0.2188,0.4062,0.375,0.2188,1,1,1,1,1,1,1,1,1,1,1,1,0.9688,1,1,0.9688,1,1,1,1,1,1,1,1,1,1,1,0.9688,1,1,1,1,1,1,1,1
54,0.5312,0.2812,0.4688,0.3438,0.2812,0.4688,0.1562,0.0625,0.375,0.1562,0.125,0.2188,0.9688,1,1,1,1,1,0.9688,1,1,1,1,1,0.9375,1,1,1,0.9688,0.9688,0.9375,0.9062,0.9688,0.9375,0.875,0.9375,0.9375,1,1,0.9688,1,1,1,1,1,0.9375,1,1
55,0.4062,0.4375,0.3438,0.5625,0.4062,0.7188,0.3438,0.25,0.6562,0.4062,0.5312,0.5312,1,1,1,1,1,1,1,1,1,1,1,1,1,1,1,1,1,1,1,1,1,1,1,1,1,1,1,1,1,1,1,1,1,1,1,1
56,0.4062,0.4062,0.4375,0.4062,0.375,0.1875,0.1562,0.25,0.3438,0.375,0.125,0.09375,1,1,1,0.9688,0.9688,1,1,1,1,1,1,1,0.9688,1,0.875,1,0.9688,0.8438,1,1,0.9375,1,0.9688,1,1,1,1,1,1,1,1,0.9688,1,1,1,1
57,0.375,0.4688,0.3438,0.375,0.4062,0.6562,0.1562,0.1562,0.4062,0.1875,0.3438,0.1562,0.9688,1,1,1,1,1,1,1,1,1,1,1,0.9375,1,1,0.9375,1,0.9375,1,1,0.8438,0.9688,0.9375,0.9688,0.9375,1,1,1,0.9688,1,0.9688,1,1,1,1,1
58,0.375,0.4688,0.4375,0.4062,0.4375,0.4375,0.25,0.2812,0.375,0.5,0.4688,0.2812,1,1,1,1,1,1,1,1,1,1,1,1,1,1,1,1,1,1,1,1,1,1,1,1,1,1,1,1,1,1,1,1,1,1,1,1
59,0.4375,0.5,0.5938,0.5938,0.5938,0.5938,0.4688,0.3125,0.4688,0.5625,0.375,0.6562,1,1,1,1,1,1,1,1,1,1,1,1,1,1,1,1,1,1,1,1,1,1,1,1,1,1,1,1,1,1,1,1,1,1,1,1
60,0.4375,0.3438,0.5625,0.4688,0.5,0.4688,0.2812,0.3125,0.25,0.25,0.1562,0.25,0.9375,1,1,1,1,1,1,1,1,1,1,1,1,1,1,0.9688,1,1,1,1,1,1,0.9375,0.9688,0.9688,1,1,1,1,1,1,1,1,1,1,1
61,0.3438,0.625,0.5938,0.3438,0.5,0.4375,0.2188,0.0625,0.2812,0.25,0.2188,0.2188,1,1,1,0.9688,1,1,1,1,1,1,1,1,0.9688,1,0.9688,0.9688,1,0.9375,0.9688,0.9688,0.9688,1,0.9688,0.9375,1,1,1,0.9688,1,1,1,1,1,0.9375,0.9688,1
62,0.5,0.375,0.5625,0.5,0.375,0.4688,0.2188,0.1562,0.2188,0.4375,0.375,0.2812,0.9375,1,1,1,1,1,1,1,1,1,1,1,1,1,0.9688,0.9688,1,1,1,0.9375,1,1,0.9688,0.9688,0.9375,1,1,1,1,1,1,0.9688,1,1,1,1
63,0.5312,0.7188,0.5625,0.6875,0.5625,0.7188,0.5,0.25,0.625,0.5938,0.375,0.5312,1,1,1,1,1,1,1,1,1,1,1,1,1,1,1,1,1,1,1,1,1,1,1,1,1,1,1,1,1,1,1,1,1,1,1,1
64,0.4062,0.2812,0.3438,0.4375,0.5,0.2812,0.4375,0.4062,0.375,0.625,0.5,0.4375,1,1,1,1,1,1,1,1,1,1,1,1,1,1,1,1,1,1,1,1,1,1,1,1,1,1,1,1,1,1,1,1,1,1,1,1
65,0.0625,0.0625,0.25,0.2812,0.4062,0.1875,0.2812,0.375,0.2188,0.375,0.3125,0.4062,0.9375,1,1,1,1,1,1,1,1,1,1,1,1,1,1,1,1,1,1,1,1,0.9062,1,0.9375,0.9375,1,1,0.9688,1,1,0.9688,1,1,1,1,1
66,0.2812,0.125,0.3125,0.3438,0.1875,0.2188,0.1875,0.1875,0.4688,0.2188,0.1875,0.375,1,1,1,1,1,1,1,1,1,1,1,1,0.9375,0.9375,0.9688,0.9375,0.9688,0.875,0.9688,1,1,0.9688,0.9688,0.8125,1,1,1,1,1,1,1,1,1,1,1,1
67,0.25,0.1562,0.4688,0.3438,0.1562,0.5,0.2812,0.1562,0.2812,0.4062,0.1562,0.3438,1,1,1,1,1,1,1,1,1,1,1,1,0.9688,1,0.9062,1,0.9375,0.8125,1,1,0.9375,1,0.9375,0.9688,1,1,1,1,1,1,1,1,1,1,1,1
68,0.5,0.6562,0.6875,0.4688,0.6562,0.5,0.5,0.375,0.5625,0.4688,0.625,0.5625,1,1,1,1,1,1,1,1,1,1,1,1,1,1,1,1,1,1,1,1,1,1,1,1,1,1,1,1,1,1,1,1,1,1,1,1
69,0.5312,0.4688,0.5,0.5938,0.375,0.6875,0.5625,0.5,0.5625,0.5,0.375,0.5625,1,1,1,1,1,1,1,1,1,1,1,1,1,1,1,1,1,1,1,1,1,1,1,1,0.9688,1,1,0.9688,0.9688,1,1,1,1,1,1,1
70,0.375,0.3125,0.5,0.4375,0.2812,0.3438,0.3438,0.25,0.3125,0.125,0.2812,0.4062,1,1,1,1,1,1,1,1,1,1,1,1,1,1,0.9375,0.9375,0.9688,0.9062,0.9688,0.9688,0.9688,1,0.9062,0.9062,0.9688,1,1,1,1,1,1,1,1,1,1,1
71,0.3438,0.2188,0.5,0.4062,0.2188,0.4375,0.3438,0.3125,0.2188,0.4062,0.09375,0.2188,1,1,1,1,1,1,1,1,1,1,1,1,1,1,1,1,1,1,1,1,1,1,1,1,1,1,1,1,1,1,1,1,1,1,1,1
72,0.2812,0.25,0.375,0.375,0.3125,0.1875,0.25,0.2188,0.25,0.2188,0.375,0.3438,1,1,1,1,1,1,1,1,1,1,1,1,0.9375,0.9688,1,0.9062,1,1,0.9375,1,1,1,1,0.9062,0.9375,1,1,1,1,1,0.9688,1,1,0.9688,1,1
73,0.125,0.0625,0.1562,0.3125,0.25,0.1562,0.09375,0.03125,0.2188,0.03125,0.09375,0.125,0.875,1,1,0.9375,1,1,0.9688,1,1,1,1,1,0.9375,1,0.7188,1,0.9688,0.6875,0.9062,0.9375,1,0.875,0.9375,0.9062,0.9688,1,0.9688,0.9375,1,1,1,1,1,1,1,1
74,0.4688,0.5312,0.3125,0.4062,0.2812,0.3438,0.2188,0.2812,0.2188,0.1875,0.2188,0.3125,1,1,1,1,1,1,1,1,1,1,1,1,0.9688,0.9375,0.9062,0.9688,0.9688,0.9375,1,1,1,0.9688,0.9688,0.9375,0.9375,1,1,0.9688,1,1,1,1,1,1,1,1
75,0.3125,0.4375,0.5312,0.4688,0.4375,0.2188,0.2188,0.1562,0.4062,0.1875,0.25,0.1875,0.9688,1,1,1,1,1,0.9688,1,1,1,1,1,0.9688,1,1,0.9688,0.9688,0.9688,1,1,1,0.9688,0.9375,0.9062,0.9375,1,1,1,1,1,1,1,1,1,1,1
76,0.5625,0.6875,0.6875,0.6562,0.6875,0.5938,0.4375,0.6562,0.5,0.3125,0.4688,0.3125,1,1,1,1,1,1,1,1,1,1,1,1,1,1,1,1,1,1,1,1,1,1,1,1,0.9688,1,1,1,1,1,1,1,1,1,1,1
77,0.6562,0.4688,0.5938,0.5938,0.8438,0.5312,0.3438,0.4375,0.5625,0.2812,0.375,0.5,1,1,1,1,1,1,1,1,1,1,1,1,1,1,1,1,1,1,1,1,1,1,1,1,1,1,1,1,1,1,1,1,1,1,1,1
78,0.4375,0.3125,0.625,0.375,0.2188,0.4062,0.375,0.375,0.25,0.25,0.25,0.3125,0.9688,1,1,1,1,1,1,1,1,1,1,1,1,1,1,1,1,1,1,0.9688,1,1,0.9688,1,0.9688,1,1,1,1,1,1,1,1,1,1,1
79,0.6562,0.4688,0.4688,0.5938,0.5938,0.6875,0.5625,0.4062,0.5,0.4062,0.4375,0.5938,1,1,1,1,1,1,1,1,1,1,1,1,1,1,1,1,1,1,1,1,1,1,1,1,1,1,1,1,1,1,0.9375,1,1,1,1,1
80,0.5938,0.5938,0.5,0.5625,0.625,0.5938,0.5312,0.6562,0.6562,0.5312,0.5938,0.6562,1,1,1,1,1,1,1,1,1,1,1,1,1,1,1,1,1,1,1,1,1,1,1,1,1,1,1,1,1,1,1,1,1,1,1,1
81,0.7812,0.5,0.5625,0.6875,0.6875,0.4375,0.375,0.5625,0.4375,0.3438,0.5625,0.4688,1,1,1,1,1,1,1,1,1,1,1,1,1,1,1,1,1,1,1,1,1,1,1,1,1,1,1,0.9688,1,1,1,1,1,1,1,1
82,0.25,0.1562,0.2812,0.2812,0.2812,0.25,0.2812,0.2188,0.3438,0.1562,0.25,0.2812,0.9688,1,1,1,1,1,1,1,1,1,1,1,1,1,0.7812,1,1,0.875,1,1,0.9688,1,0.9688,0.9688,1,1,1,1,1,1,1,1,1,1,1,1
83,0.4375,0.3125,0.375,0.4688,0.4062,0.5938,0.3125,0.25,0.4688,0.2812,0.3125,0.3125,1,1,1,1,1,1,1,1,1,1,1,1,1,1,1,1,0.9688,1,1,1,1,1,1,1,1,1,1,1,1,1,0.9688,1,1,1,1,1
84,0.6562,0.625,0.6875,0.4688,0.4688,0.5,0.4062,0.5625,0.5312,0.3125,0.5938,0.5312,1,1,1,1,1,1,1,1,1,1,1,1,1,1,1,1,1,1,1,1,1,1,1,1,1,1,1,1,1,1,0.9688,1,1,1,1,1
85,0.7812,0.6875,0.7188,0.7188,0.8125,0.6875,0.6562,0.75,0.625,0.5312,0.8125,0.7188,1,1,1,1,1,1,1,1,1,1,1,1,1,1,1,1,1,1,1,1,1,1,1,1,1,1,1,1,1,1,1,1,1,1,1,1
86,0.3438,0.2812,0.4688,0.3438,0.3438,0.4375,0.1875,0.1875,0.25,0.2188,0.1875,0.1875,0.9062,1,1,1,1,1,1,1,1,1,1,1,0.9688,1,1,1,1,0.9375,0.9375,0.875,0.9062,0.9688,0.9375,0.9062,0.9688,1,1,0.9688,1,1,1,1,1,0.9688,1,1
87,0.375,0.5,0.5625,0.5938,0.5312,0.625,0.5,0.2812,0.5312,0.5312,0.4375,0.5312,1,1,1,1,1,1,1,1,1,1,1,1,1,1,1,1,1,1,1,1,1,1,1,1,1,1,1,1,1,1,1,1,1,1,1,1
88,0.375,0.3125,0.4062,0.3125,0.3438,0.5625,0.3438,0.1562,0.4688,0.1562,0.1562,0.4375,0.9688,1,1,1,1,1,1,1,1,1,1,1,0.9062,0.875,0.9062,0.9375,0.9062,0.7812,1,0.9375,0.9375,1,0.9375,0.9375,1,1,1,0.9375,1,1,1,1,1,1,1,1
89,0.3438,0.3438,0.3125,0.3125,0.2812,0.375,0.09375,0.125,0.375,0.1562,0.1562,0.125,1,1,1,0.9688,1,1,0.9688,1,1,1,1,1,0.9688,0.9688,0.9688,1,1,0.9688,0.9375,1,0.9062,0.9375,0.8438,0.875,1,1,1,1,1,1,1,0.9688,1,1,1,1
90,0.5,0.3438,0.4688,0.375,0.375,0.4062,0.25,0.3438,0.4062,0.3438,0.2812,0.25,1,1,1,1,1,1,1,1,1,1,1,1,1,1,1,1,1,1,1,1,1,1,1,1,1,1,1,1,1,1,1,0.9688,1,1,1,1
91,0.375,0.5312,0.375,0.5,0.4688,0.4062,0.2188,0.1562,0.09375,0.375,0.1562,0.375,1,1,1,1,1,1,1,1,1,1,1,1,1,1,0.9688,1,1,1,0.9688,1,0.9062,0.9688,0.9375,0.9375,0.9688,1,1,1,1,1,1,1,1,1,1,1
92,0.5312,0.5,0.4688,0.5,0.3125,0.5625,0.3438,0.375,0.375,0.375,0.3125,0.125,0.9688,1,1,1,1,1,1,1,1,1,1,1,0.9688,1,1,1,1,1,1,1,1,1,1,1,0.9375,1,1,1,1,1,1,1,1,1,1,1
93,0.625,0.375,0.6562,0.5625,0.5938,0.5938,0.4375,0.5,0.5938,0.5312,0.4688,0.5312,1,1,1,1,1,1,1,1,1,1,1,1,1,1,1,1,1,1,1,1,1,1,1,1,1,1,1,1,1,1,1,1,1,1,1,1
94,0.4062,0.4375,0.625,0.1562,0.3125,0.5312,0.125,0.1875,0.3125,0.1875,0.125,0.2812,0.9375,1,1,1,1,1,1,1,1,1,1,1,0.9375,1,1,1,1,0.9688,1,1,0.9688,0.9688,1,1,1,1,1,1,1,1,1,1,1,1,1,1
95,0.6875,0.375,0.5625,0.6875,0.5312,0.625,0.4688,0.5625,0.7188,0.5938,0.4375,0.5625,1,1,1,1,1,1,1,1,1,1,1,1,1,1,1,1,1,1,1,1,1,1,1,1,1,1,1,1,1,1,0.9688,1,1,0.9688,1,1
96,0.3125,0.375,0.1875,0.4688,0.2812,0.3438,0.3438,0.1875,0.3125,0.2188,0.1562,0.25,1,1,1,1,1,1,0.9688,1,1,1,1,1,1,0.9688,1,0.9688,0.9688,1,0.9062,0.9688,1,1,1,0.9688,0.9688,0.9375,1,1,0.9375,1,1,1,1,1,1,1
97,0.09375,0.1562,0.1875,0.25,0.375,0.125,0.2188,0.0625,0.125,0.09375,0.1562,0.0625,1,1,1,0.9688,1,1,1,1,1,1,1,1,0.875,1,0.6562,1,1,0.6562,0.9688,0.9375,0.9062,0.9062,0.9375,0.875,0.9688,0.875,1,0.9375,0.9375,1,1,1,1,1,1,1
98,0.3125,0.2188,0.4062,0.375,0.2812,0.3125,0.2812,0.25,0.375,0.2188,0.2188,0.4375,1,1,1,1,1,1,0.9688,1,1,1,1,1,0.9375,0.9375,0.9062,1,0.9688,0.9688,1,1,0.9688,1,0.9688,0.9062,0.9375,1,1,0.9688,1,1,0.9688,1,1,0.9688,1,1
99,0.3125,0.3438,0.4062,0.3438,0.4375,0.2812,0.3125,0.1875,0.09375,0.2812,0.25,0.3438,1,1,1,1,1,1,0.9688,1,1,1,1,1,0.9688,0.9688,1,0.9688,0.9688,0.9688,0.9688,0.875,0.875,0.875,0.9375,0.9375,0.9688,0.9688,1,1,1,1,0.9688,1,1,1,1,1
100,0.125,0.4375,0.375,0.3438,0.375,0.4375,0.2812,0.1875,0.25,0.1875,0.2812,0.375,0.9688,1,1,1,1,1,1,1,1,1,1,1,0.8438,0.9375,0.8125,1,0.9375,0.8438,0.9688,0.9688,1,1,1,0.9688,0.9688,1,1,0.9375,1,1,1,1,1,1,0.9688,1
101,0.4375,0.25,0.4062,0.4375,0.375,0.4688,0.25,0.1875,0.25,0.1562,0.09375,0.2188,0.9688,1,1,0.9062,1,1,1,1,1,1,1,1,0.9688,1,1,0.9688,1,1,0.9688,0.9688,1,1,0.9062,0.9375,0.9688,1,1,1,0.9688,1,1,1,1,0.9688,1,1
102,0.375,0.4375,0.625,0.5312,0.4688,0.5938,0.4688,0.2188,0.3438,0.3438,0.125,0.5,1,1,1,1,1,1,1,1,1,1,1,1,1,1,1,1,1,1,1,1,1,1,0.9688,1,0.9688,1,1,0.9688,1,1,1,1,1,1,1,1
103,0.5312,0.3125,0.5625,0.4062,0.3438,0.4375,0.25,0.25,0.3125,0.25,0.25,0.125,1,1,1,1,1,1,1,1,1,1,1,1,1,1,0.9688,1,1,1,1,0.9062,1,0.9688,1,1,1,1,1,1,1,1,1,1,1,1,1,1
104,0.1562,0.3125,0.25,0.1875,0.3125,0.1875,0.1875,0.09375,0.09375,0.09375,0.09375,0.1562,0.9375,0.9688,1,0.9375,0.9375,1,1,1,1,1,1,1,0.8125,0.9375,0.6875,0.9062,0.9062,0.3438,0.9688,0.875,0.9375,0.8438,0.875,0.9062,0.8438,0.9062,1,1,0.9062,0.9375,1,1,1,1,1,1
105,0.1562,0.2812,0.2812,0.25,0.2812,0.375,0,0.03125,0,0.03125,0,0.03125,0.9062,1,1,0.9688,0.9375,1,1,1,1,1,1,1,0.9062,0.8438,1,0.9062,0.9375,0.9688,0.6562,0.625,0.9375,0.6562,0.6875,0.875,0.9062,0.9062,0.875,0.8438,0.875,0.8125,1,1,1,0.9688,0.9688,1
106,0.3125,0.3438,0.4375,0.2812,0.375,0.2812,0.1562,0.1875,0.1875,0.1562,0.3125,0.1562,0.9062,1,0.9688,1,1,1,1,1,1,0.9688,1,1,1,0.9062,0.9375,0.9688,1,0.9375,0.9375,1,0.875,0.9688,0.8438,0.875,0.9375,1,1,0.875,1,1,1,1,1,1,1,1
107,0.5938,0.4062,0.5625,0.5312,0.4375,0.4688,0.1562,0.03125,0.2188,0.09375,0.1562,0.2188,0.9375,1,1,1,1,1,0.9688,1,1,1,1,1,0.9688,0.9688,0.75,0.875,1,0.5938,0.9375,0.9375,1,0.9688,0.9375,0.875,0.9688,0.9375,1,0.9375,0.9062,1,0.9688,1,1,1,1,1
108,0.125,0.4688,0.2812,0.2188,0.4375,0.3438,0.125,0.0625,0.3125,0.3125,0.125,0.1562,1,1,1,1,1,1,1,1,1,1,1,1,0.9688,0.9688,0.9062,1,0.875,0.9062,0.9688,0.9062,0.9375,1,0.9688,0.9375,1,0.9688,1,1,0.9062,1,1,1,1,1,1,1
109,0.5,0.2812,0.4688,0.4688,0.4375,0.625,0.1562,0.09375,0.1875,0.125,0.1562,0.1875,0.8125,1,1,0.9688,1,1,1,1,1,0.9688,1,1,0.9688,0.9688,0.75,1,1,0.7188,0.9375,0.7812,0.875,0.9375,0.9062,0.8438,0.875,0.9688,1,0.9375,0.9688,1,0.9688,1,1,1,1,1
110,0.3438,0.2812,0.3438,0.375,0.4375,0.5,0.3438,0.25,0.25,0.3125,0.2188,0.1875,1,1,1,1,1,1,1,1,1,1,1,1,0.9062,0.9375,0.8125,1,0.9688,0.75,0.9688,0.9688,0.9688,1,1,0.9688,0.9688,1,1,0.9688,0.9688,1,1,1,1,1,1,1
111,0.5,0.4062,0.625,0.625,0.4375,0.6875,0.1875,0.2188,0.2812,0.2188,0.3125,0.25,0.9688,1,1,1,0.9375,1,1,1,1,1,1,1,1,1,1,1,1,1,1,0.9688,0.9688,1,1,0.9688,0.9688,1,1,1,1,1,1,1,1,1,1,1
112,0.6562,0.4375,0.5625,0.5312,0.5,0.5625,0.3125,0.5312,0.5312,0.5,0.5,0.5938,1,1,1,1,1,1,1,1,1,1,1,1,1,1,1,1,1,1,1,1,1,1,1,1,1,1,1,1,1,1,1,1,1,1,1,1
113,0.6875,0.75,0.6562,0.6875,0.6562,0.6875,0.4062,0.4062,0.6875,0.3125,0.4375,0.5625,1,1,1,1,1,1,1,1,1,1,1,1,1,1,1,1,1,1,1,1,1,1,1,1,1,1,1,1,1,1,1,1,1,1,1,1
114,0.4375,0.25,0.5,0.375,0.375,0.4375,0.2812,0.375,0.2812,0.3438,0.3125,0.4688,1,1,1,0.9688,1,1,1,1,1,1,1,1,0.9688,1,1,1,1,1,1,1,1,1,0.9688,1,0.9688,1,1,1,1,1,1,1,1,1,1,1
115,0.5625,0.5625,0.6562,0.5,0.625,0.5,0.5,0.3438,0.5,0.4062,0.3125,0.7188,1,1,1,1,1,1,1,1,1,1,1,1,1,1,1,1,1,1,1,1,1,1,1,1,1,1,1,1,1,1,1,1,1,1,1,1
116,0.5312,0.4375,0.4062,0.4375,0.4688,0.4375,0.3438,0.1875,0.3438,0.3438,0.25,0.3438,0.9688,1,1,1,1,1,1,1,1,1,1,1,1,1,1,0.9688,1,1,1,1,1,1,1,1,1,1,1,1,1,1,1,1,1,1,1,1
117,0.5,0.5312,0.5,0.7188,0.625,0.5938,0.5312,0.25,0.5312,0.5312,0.625,0.5312,1,1,1,1,1,1,0.9688,1,1,1,1,1,1,1,1,1,1,1,1,1,1,1,1,1,1,1,1,1,1,1,0.9688,1,1,1,1,1
118,0.5312,0.4062,0.5,0.4375,0.5312,0.625,0.375,0.1875,0.375,0.2188,0.1875,0.375,1,1,1,1,1,1,1,1,1,1,1,1,0.9688,1,0.875,1,1,0.9688,1,1,0.9062,1,0.9375,0.9375,1,1,1,0.9688,1,1,1,1,1,1,1,1
119,0.5938,0.5312,0.6562,0.7812,0.6875,0.5938,0.5938,0.5312,0.625,0.5938,0.5,0.6875,0.9688,1,1,1,1,1,1,1,1,1,1,1,1,1,1,1,1,1,1,1,1,1,1,1,1,1,1,1,1,1,1,1,1,1,1,1
120,0.2188,0.4375,0.3125,0.3438,0.3125,0.4688,0.375,0.1875,0.125,0.1875,0.1562,0.2812,0.9688,1,1,0.9688,0.9688,1,1,1,1,1,1,1,0.8125,0.9688,0.9688,0.9688,0.9688,0.9375,0.9375,0.9375,0.9688,0.9688,0.9062,0.9375,0.9062,0.9688,1,0.9688,1,1,1,1,1,1,1,1
121,0.3125,0.2812,0.5625,0.4375,0.4062,0.375,0.09375,0.1875,0.125,0.2188,0.03125,0.25,0.9688,1,1,0.9375,0.9688,1,0.9688,1,1,0.9688,1,1,0.9375,1,0.7188,1,1,0.5938,0.9062,0.8438,0.9375,0.9062,0.8438,0.9062,1,0.9688,1,1,0.9375,1,1,1,1,0.9688,1,1
122,0.4688,0.4688,0.4062,0.5,0.25,0.3125,0.2812,0.09375,0.4375,0.25,0.1875,0.4062,1,1,1,1,1,1,1,1,1,1,1,1,1,0.9688,0.8125,0.9062,0.9375,0.75,0.9688,1,0.9688,1,0.9688,1,0.9062,1,1,1,1,1,1,1,1,1,1,1
123,0.4688,0.1562,0.7188,0.4375,0.5625,0.6562,0.2812,0.3438,0.2188,0.4062,0.3125,0.375,0.9062,1,1,0.9688,1,1,1,1,1,1,1,1,0.9688,0.9062,1,0.9688,0.9062,0.9688,0.9688,1,1,0.9688,1,1,0.9688,0.9688,1,0.9688,0.9688,1,1,1,1,1,1,1
124,0.3438,0.25,0.3125,0.4375,0.4062,0.2812,0.2812,0.3125,0.3438,0.2188,0.25,0.25,0.9688,1,1,1,1,1,1,1,1,1,1,1,0.9688,0.875,0.875,0.875,0.9688,0.8438,1,1,1,0.9688,1,0.875,0.9375,1,1,0.9062,1,1,1,1,1,1,1,1
125,0.5938,0.4688,0.4688,0.4062,0.625,0.5,0.25,0.1875,0.3125,0.3125,0.25,0.2812,0.9688,1,1,1,0.9688,1,1,1,1,1,1,1,0.9688,1,1,1,0.9688,0.9375,0.9688,1,1,0.9688,1,0.9062,1,0.9688,1,1,0.9688,1,0.9688,1,1,0.9688,1,1
126,0.5625,0.4062,0.4688,0.4375,0.2188,0.2812,0.4062,0.2188,0.375,0.3125,0.25,0.1875,1,1,1,1,1,1,1,1,1,1,1,1,0.875,0.9375,0.875,1,0.8438,0.8125,1,0.9688,0.875,0.9688,0.9688,0.875,0.9375,1,1,1,1,1,1,1,1,1,1,1
127,0.5938,0.5,0.5625,0.6562,0.625,0.5312,0.4375,0.4688,0.7812,0.6875,0.5625,0.5312,1,1,1,1,1,1,1,1,1,1,1,1,0.9688,1,1,1,1,1,1,1,1,1,1,1,1,1,1,1,1,1,1,1,1,1,1,1
128,0.5312,0.5312,0.4688,0.5312,0.5938,0.4062,0.375,0.6875,0.3438,0.5312,0.4688,0.5625,1,1,1,1,1,1,1,1,1,1,1,1,0.9688,1,1,0.9688,1,1,1,1,1,1,1,1,1,1,1,1,1,1,1,1,1,1,1,1
129,0.0625,0,0.3438,0.3125,0.25,0.2812,0.1562,0.1562,0.3125,0.2812,0.1562,0.25,0.875,1,1,0.9688,1,1,0.9375,1,1,1,1,1,0.875,0.8438,0.9062,0.9375,0.9375,0.875,1,1,0.8125,1,0.9688,0.875,0.9375,1,1,1,1,1,1,1,1,1,1,1
130,0.4688,0.1875,0.4688,0.4375,0.4062,0.1875,0.2812,0.1875,0.25,0.1875,0.3125,0.4062,1,1,1,1,1,1,1,1,1,1,1,1,1,0.9688,1,1,0.9688,1,1,1,1,1,0.9375,0.9688,1,1,1,1,0.9688,1,1,1,1,1,1,1
131,0.1875,0.2188,0.375,0.375,0.3125,0.4688,0.3125,0.2812,0.25,0.3125,0.2188,0.3125,1,1,1,1,1,1,1,1,1,1,1,1,0.9688,0.9062,0.9062,0.9062,0.875,0.8125,1,1,0.9688,1,0.9688,0.9062,1,1,1,0.9375,0.9688,1,1,1,1,1,1,1
132,0.3438,0.3438,0.3125,0.3438,0.4688,0.25,0.2188,0.125,0.2812,0.3438,0.4688,0.4062,0.9688,1,1,0.9688,1,1,1,1,1,1,1,1,1,0.9688,1,1,0.9688,1,0.9688,0.9688,1,1,1,1,1,1,1,0.9375,1,1,1,1,1,0.9688,1,1
133,0.1562,0.2188,0.2812,0.375,0.4062,0.4062,0.125,0.2188,0.2812,0.2812,0.2812,0.4375,0.9375,1,1,0.9688,1,1,1,1,1,0.9688,1,1,0.9375,0.9688,0.7812,0.9375,0.9688,0.8125,1,1,0.9062,0.9688,1,0.9062,1,0.9688,1,0.9688,1,1,1,1,1,1,1,1
134,0.2812,0.375,0.125,0.4062,0.2188,0.1562,0.03125,0.1562,0.09375,0.1562,0.0625,0.1875,0.9375,0.9688,1,1,1,1,1,1,1,1,1,1,0.9062,0.9688,0.6875,0.9688,0.9375,0.5312,0.875,0.875,0.9375,0.875,0.9688,0.8438,0.8438,0.9688,1,0.9688,0.9688,1,0.9688,1,1,1,1,1
135,0.25,0.3438,0.2812,0.3438,0.4375,0.25,0.125,0.1875,0.2812,0.2188,0.09375,0.3125,0.9375,1,1,1,0.9688,1,1,1,1,1,1,1,0.8125,1,0.9688,0.9375,1,0.9062,0.9375,0.8438,0.9688,0.9375,0.9375,0.875,0.8438,0.9062,1,1,0.9062,1,1,1,1,1,1,1
136,0.5312,0.625,0.6562,0.625,0.4375,0.625,0.5625,0.6875,0.5938,0.5625,0.375,0.625,1,1,1,1,1,1,1,1,1,1,1,1,1,1,1,1,1,1,1,1,1,1,1,1,1,1,1,1,1,1,0.9688,1,1,1,1,1
137,0.1875,0.2188,0.5312,0.3125,0.4688,0.5,0.25,0.25,0.375,0.3125,0.125,0.2812,0.9375,1,1,1,1,1,1,1,1,1,1,1,0.9688,1,0.9688,1,1,0.9688,1,0.9688,1,1,0.9375,0.9062,0.9375,1,1,1,1,1,1,1,1,1,1,1
138,0.5312,0.6562,0.6875,0.6562,0.5625,0.5625,0.5,0.5,0.4688,0.375,0.5625,0.5625,1,1,1,1,1,1,1,1,1,1,1,1,1,1,1,1,1,1,1,1,1,1,1,1,1,1,1,1,1,1,1,1,1,1,1,1
139,0.3438,0.4375,0.4688,0.5,0.5,0.4375,0.4062,0.25,0.2812,0.25,0.3125,0.3125,1,1,1,1,1,1,0.9688,1,1,1,1,1,0.9688,1,1,1,1,1,1,1,1,1,1,1,0.9375,1,1,0.9688,1,1,1,1,1,1,1,1
140,0.625,0.6562,0.5312,0.4375,0.6562,0.5938,0.4688,0.5,0.5312,0.375,0.5312,0.4688,1,1,1,1,1,1,1,1,1,1,1,1,1,1,1,1,1,1,1,1,1,1,1,1,1,1,1,0.9688,1,1,1,1,1,1,1,1
141,0.5938,0.4688,0.4375,0.75,0.625,0.5,0.375,0.25,0.375,0.2812,0.25,0.4375,1,1,1,1,1,1,1,1,1,1,1,1,0.9688,1,1,1,1,1,1,1,1,1,1,1,1,1,1,1,1,1,1,1,1,1,1,1
142,0.75,0.5938,0.6875,0.625,0.6562,0.5312,0.4688,0.5312,0.7812,0.4062,0.3125,0.5312,1,1,1,1,1,1,1,1,1,1,1,1,1,1,1,1,1,1,1,1,1,1,1,1,1,1,1,1,1,1,1,1,1,1,1,1
143,0.5625,0.5938,0.6875,0.75,0.8125,0.75,0.375,0.5,0.4688,0.375,0.4688,0.5625,1,1,1,1,1,1,1,1,1,1,1,1,1,1,1,1,1,1,1,1,1,1,1,1,1,1,1,1,1,1,1,1,1,1,1,1
144,0.3125,0.375,0.5,0.3125,0.4062,0.4375,0.2812,0.2812,0.3438,0.2188,0.3125,0.3438,0.9688,1,1,0.9688,1,1,1,1,1,1,1,1,0.9688,1,1,1,1,1,1,1,1,0.9688,1,1,1,1,1,0.9688,0.9688,1,1,1,1,1,1,1
145,0.1875,0.2188,0.4062,0.375,0.4375,0.4375,0.1875,0.03125,0.375,0.25,0.125,0.3438,0.9688,1,1,1,1,1,1,1,1,1,1,1,0.9688,1,0.9062,0.875,0.9375,0.8438,0.9688,0.9375,1,1,0.9688,0.9062,0.9688,1,1,1,1,1,1,1,1,1,1,1
146,0.375,0.25,0.25,0.2812,0.3125,0.1875,0.09375,0.03125,0.3125,0.1875,0.125,0.09375,0.9375,1,1,0.9688,0.9688,1,1,1,1,1,1,1,0.9688,0.9375,0.8438,0.9375,0.9375,0.4688,0.9062,0.875,0.875,0.875,0.9375,0.9062,0.9688,0.9688,1,0.9062,0.9688,1,1,1,1,1,1,1
147,0.25,0.25,0.3125,0.3438,0.2812,0.25,0.2812,0.2188,0.3125,0.1562,0.03125,0.25,1,1,1,0.9688,1,1,1,1,1,0.9688,1,1,0.9688,1,0.9688,0.9062,0.875,0.9375,0.8125,0.9375,0.9375,0.9688,0.9062,0.875,0.9375,0.9375,1,0.9375,0.9688,1,1,1,1,0.9688,1,1
148,0.1562,0.1875,0.25,0.3125,0.3125,0.2188,0.09375,0.09375,0.1562,0.1562,0.125,0.1875,0.9688,1,1,1,1,1,1,1,1,1,1,1,0.9375,0.9375,0.5,0.9688,0.9375,0.5,0.875,0.9062,0.9375,0.8438,0.875,0.9375,0.9062,0.9375,1,0.9688,1,1,0.9688,1,1,1,1,1
149,0.2812,0.4062,0.25,0.3125,0.4062,0.25,0.1562,0.1875,0.2812,0.1562,0.1562,0.25,0.9375,1,1,0.9688,1,1,1,1,1,1,1,1,0.9375,0.9688,0.9062,1,0.9062,0.8438,0.9375,0.9062,0.9375,0.9375,0.875,0.875,0.8438,0.9688,1,0.9375,1,1,1,1,1,1,1,1
150,0.25,0.125,0.125,0.25,0.1562,0.25,0.09375,0.0625,0.1562,0,0.03125,0.0625,0.8438,0.8438,1,0.8125,0.9062,1,1,0.9375,1,0.9688,1,1,0.9688,0.8125,0.9375,0.9688,0.7812,0.9688,0.75,0.75,0.9688,0.6875,0.6562,0.9688,0.8438,0.9062,0.9375,0.875,0.875,0.9062,0.9688,1,1,1,0.9688,1
151,0.3438,0.2812,0.6875,0.2188,0.25,0.4375,0.0625,0.125,0.3125,0.1875,0.1562,0.1562,0.9375,1,1,0.9062,1,1,1,1,1,1,1,1,0.7812,0.9688,0.5625,0.9375,0.8125,0.4688,0.875,0.9688,0.8125,0.9062,0.75,0.875,0.8438,0.9062,1,0.8438,0.9062,1,1,1,1,1,1,1
152,0.4688,0.4062,0.25,0.3125,0.2812,0.375,0.4062,0.1875,0.4688,0.25,0.2188,0.25,1,1,1,1,1,1,1,1,1,1,1,1,1,1,0.9375,1,1,0.9375,1,1,1,0.9688,0.9688,0.9375,1,1,1,0.9688,1,1,1,1,1,1,1,1
153,0.5938,0.4688,0.5,0.5625,0.5312,0.4062,0.2812,0.25,0.375,0.1875,0.2812,0.4375,0.9688,1,1,1,1,1,1,1,1,1,1,1,1,1,1,1,1,1,1,1,0.9688,0.9688,1,0.9688,1,1,1,1,1,1,1,1,1,1,1,1
154,0.3438,0.375,0.375,0.375,0.4375,0.2812,0.2188,0.25,0.1875,0.3125,0.09375,0.1562,1,1,1,1,1,1,1,1,1,0.9688,1,1,1,0.9688,0.9688,1,1,0.9688,0.9375,0.875,0.9375,0.875,0.9688,1,0.9688,1,1,0.9375,1,1,0.9688,1,1,1,1,1
155,0.4688,0.2188,0.4688,0.5938,0.375,0.3438,0.3438,0.1875,0.25,0.1562,0.3125,0.375,0.9688,1,1,1,1,1,1,1,1,1,1,1,1,1,0.9062,1,0.9375,0.7188,1,1,1,0.9375,1,0.9688,1,1,1,1,1,1,1,1,1,1,1,1
156,0.3438,0.4688,0.1875,0.375,0.3438,0.2812,0.1562,0.09375,0.25,0.2188,0.0625,0.375,1,1,1,1,1,1,1,1,1,1,1,1,0.9375,1,0.9375,1,1,1,0.9688,0.9375,0.875,0.9375,1,0.875,1,1,1,1,1,1,0.9688,1,1,0.9375,1,1
157,0.4062,0.5,0.3438,0.5312,0.4062,0.3438,0.2188,0.3125,0.3438,0.4688,0.1875,0.4375,1,1,1,1,1,1,1,1,1,1,1,1,0.9062,1,0.7812,0.9375,0.9688,0.7812,1,1,0.9688,1,0.9375,0.9062,0.875,1,1,1,1,1,0.9688,1,1,1,1,1
158,0.5,0.375,0.625,0.4062,0.4375,0.5312,0.03125,0.0625,0.2188,0.1562,0.09375,0.2188,0.9062,1,1,0.9688,0.9688,1,1,1,1,0.9688,1,1,0.9688,1,0.8125,1,1,0.7188,0.875,0.9688,0.9688,0.8438,0.875,0.9375,0.875,1,1,1,0.9688,1,1,1,1,1,1,1
159,0.5312,0.4688,0.5938,0.4688,0.4062,0.4375,0.1562,0.25,0.5,0.3438,0.2812,0.2812,0.9688,0.9688,1,1,1,1,1,1,1,1,1,1,0.9375,1,1,0.9688,1,0.9688,0.9688,0.9688,0.9688,1,0.9375,1,0.875,1,1,0.9688,1,1,1,1,1,0.9688,1,1
160,0.6875,0.5938,0.625,0.6562,0.5938,0.5312,0.5312,0.625,0.5938,0.4062,0.7812,0.625,1,1,1,1,1,1,1,1,1,1,1,1,1,1,1,1,1,1,1,1,1,1,1,1,1,1,1,0.9688,1,1,1,1,1,1,1,1
161,0.09375,0.1875,0.5,0.4688,0.4062,0.4375,0.2812,0.3125,0.375,0.4062,0.125,0.4375,0.9375,1,1,0.9688,1,1,1,1,1,1,1,1,0.9688,1,0.9375,0.9688,1,1,1,0.9688,0.9688,1,1,0.9688,1,1,1,1,1,1,1,1,1,1,1,1
162,0.5938,0.6875,0.4688,0.5625,0.625,0.6875,0.4688,0.4062,0.6562,0.5625,0.5312,0.4688,1,1,1,1,1,1,1,1,1,0.9688,1,1,1,1,1,1,1,1,1,1,1,1,1,1,1,1,1,1,1,1,1,1,1,1,1,1
163,0.5312,0.4375,0.5,0.5312,0.7188,0.5312,0.5938,0.2188,0.2812,0.3438,0.4375,0.25,1,1,1,1,1,1,1,1,1,1,1,1,1,1,1,1,1,1,1,1,0.9688,1,1,1,0.9688,1,1,1,1,1,0.9688,0.9688,1,1,1,1
164,0.375,0.3125,0.3438,0.2812,0.375,0.25,0.25,0.2188,0.2812,0.25,0.1875,0.4375,1,1,1,1,1,1,1,1,1,1,1,1,1,1,1,1,1,1,1,1,0.9375,1,1,1,1,1,1,0.9375,1,1,1,1,1,1,1,1
165,0.3125,0.2812,0.5,0.5,0.4688,0.3438,0.1562,0.3125,0.1562,0.2188,0.1875,0.2812,1,1,1,1,1,1,1,1,1,1,1,1,1,1,1,1,1,1,1,1,1,1,1,1,1,1,1,1,1,1,1,1,1,1,1,1
166,0.4375,0.2188,0.3125,0.3125,0.25,0.2188,0.2188,0.2188,0.3125,0.2188,0.125,0.2812,0.9688,1,1,1,1,1,1,1,1,1,1,1,0.9688,1,0.9375,1,1,0.9688,1,0.9375,0.9688,0.9062,0.9375,0.9375,1,1,1,1,1,1,0.9375,1,1,1,1,1
167,0.2812,0.4062,0.3438,0.5,0.3438,0.25,0.2812,0.2188,0.2812,0.4688,0.1562,0.25,1,1,1,1,1,1,1,1,1,1,1,1,1,0.9375,0.8125,0.9688,0.9062,0.9375,1,1,0.9688,0.9688,0.9375,0.9688,0.9688,1,1,0.9688,0.9688,1,1,1,1,1,1,1
168,0.625,0.625,0.625,0.5938,0.5625,0.5625,0.4688,0.4688,0.5312,0.4062,0.4062,0.5625,1,1,1,1,1,1,1,1,1,1,1,1,1,1,1,1,1,1,1,1,1,1,1,1,1,1,1,0.9688,1,1,0.9688,1,1,1,1,1
169,0.1562,0.2812,0.25,0.4688,0.5625,0.4688,0.3125,0.125,0.1875,0.25,0.25,0.1875,0.9062,1,1,0.9375,1,1,1,1,1,1,1,1,0.9375,1,1,0.9688,0.9375,0.9688,0.9688,0.875,1,0.9062,0.9688,0.9375,0.875,1,1,1,1,1,0.9688,1,1,1,1,1
170,0.75,0.75,0.8125,0.5625,0.6875,0.5938,0.5312,0.75,0.75,0.7812,0.75,0.6562,1,1,1,1,1,1,1,1,1,1,1,1,1,1,1,1,1,1,1,1,1,1,1,1,1,1,1,1,1,1,1,1,1,1,1,1
171,0.7188,0.7188,0.75,0.7812,0.75,0.6562,0.4375,0.4375,0.4688,0.625,0.4375,0.5,1,1,1,1,1,1,1,1,1,1,1,1,1,1,1,1,1,1,1,1,1,1,1,1,1,1,1,1,1,1,1,1,1,1,1,1
172,0.6562,0.625,0.5938,0.4375,0.4062,0.4375,0.4375,0.3438,0.4375,0.3125,0.4688,0.5312,1,1,1,1,1,1,1,1,1,1,1,1,1,1,1,1,1,1,1,1,1,1,1,1,0.9375,1,1,1,1,1,1,1,1,1,1,1
173,0.5312,0.3125,0.3438,0.4062,0.5625,0.3125,0.3125,0.0625,0.2188,0.2812,0.1875,0.4375,1,1,1,1,1,1,1,1,1,1,1,1,0.9688,0.9688,0.9688,1,1,0.8438,0.9688,1,1,1,0.9375,0.9062,1,1,1,1,1,1,0.9688,1,1,1,1,1
174,0.75,0.7812,0.625,0.5625,0.6562,0.7188,0.4375,0.375,0.5625,0.5,0.5,0.5625,1,1,1,1,1,1,1,1,1,1,1,1,1,1,1,1,1,1,1,1,1,1,1,1,1,1,1,1,1,1,1,1,1,1,1,1
175,0.7812,0.7188,0.6562,0.6875,0.7812,0.6562,0.5,0.25,0.5312,0.5312,0.4375,0.625,1,1,1,1,1,1,1,1,1,1,1,1,1,1,1,1,1,1,1,1,1,1,1,1,1,1,1,1,1,1,1,1,1,1,1,1
176,0.5625,0.5938,0.6875,0.5312,0.6562,0.625,0.375,0.5625,0.4062,0.5,0.5938,0.5625,1,1,1,1,1,1,1,1,1,1,1,1,1,1,1,1,1,1,1,1,1,1,1,1,1,1,1,1,1,1,1,1,1,1,1,1
177,0.3438,0.125,0.5625,0.5,0.5625,0.5,0.4062,0.3125,0.2812,0.2812,0.375,0.25,1,1,1,1,1,1,1,1,1,1,1,1,1,1,1,0.9688,1,1,1,1,1,1,1,1,0.9688,0.9375,1,1,1,1,1,1,1,1,1,1
178,0.5312,0.6562,0.5938,0.8125,0.6875,0.6562,0.5312,0.4688,0.7188,0.4062,0.4375,0.5625,1,1,1,1,1,1,1,1,1,1,1,1,1,1,1,1,1,1,1,1,1,1,1,1,1,1,1,1,1,1,1,1,1,1,1,1
179,0.5938,0.7812,0.625,0.8125,0.5938,0.625,0.4375,0.25,0.4688,0.5,0.5938,0.5625,1,1,1,1,1,1,1,1,1,1,1,1,1,1,1,1,1,1,1,1,1,1,1,1,0.9688,1,1,1,0.9688,1,1,1,1,1,1,1
180,0.375,0.375,0.4688,0.375,0.2812,0.375,0.09375,0.03125,0.2812,0.0625,0.125,0.25,1,1,1,1,1,1,1,1,1,1,1,1,1,0.9688,1,1,1,0.9688,1,1,0.9688,0.9375,0.9062,0.9375,0.9688,0.9688,1,1,1,1,0.9688,1,1,1,1,1
181,0.3438,0.2812,0.375,0.5625,0.4062,0.2812,0.2188,0.25,0.3125,0.375,0.3438,0.25,0.9688,1,1,1,1,1,1,1,1,0.9688,1,1,0.9688,1,0.8125,1,0.9688,0.8125,0.9062,0.9688,0.9062,0.9688,0.9688,1,0.9375,1,1,0.9688,1,1,1,1,1,1,0.9688,1
182,0.5,0.4688,0.5625,0.3438,0.5312,0.4688,0.0625,0.125,0.1875,0.0625,0.09375,0.125,0.875,1,1,1,1,1,1,1,1,1,1,1,0.8438,1,0.6562,1,1,0.6875,0.9375,0.9375,0.9375,0.9062,0.9062,0.9688,0.9375,0.9375,1,0.9375,0.9062,1,1,1,1,1,1,1
183,0.375,0.5312,0.5312,0.625,0.5312,0.5625,0.1875,0.375,0.3438,0.2188,0.25,0.3125,0.9375,1,1,1,1,1,1,1,1,1,1,1,1,1,1,0.9375,1,1,1,1,0.9375,0.9688,0.9688,0.9688,0.9062,1,1,0.9688,0.9688,0.9688,1,1,1,1,1,1
184,0.4375,0.5,0.4688,0.3438,0.3438,0.5,0.375,0.3438,0.3125,0.4688,0.25,0.3125,1,1,1,1,1,1,1,1,1,1,1,1,1,1,1,1,1,1,1,1,1,1,1,1,0.9688,1,1,1,1,1,1,1,1,1,1,1
185,0.4688,0.4375,0.3125,0.4375,0.5,0.375,0.4688,0.2188,0.1875,0.25,0.2812,0.3438,1,1,1,1,1,1,1,1,1,1,1,1,1,1,0.9062,1,1,0.8438,1,1,0.9375,1,0.9688,0.9688,0.9688,1,1,1,1,1,1,1,1,1,1,1
186,0.5938,0.6875,0.5625,0.5,0.6875,0.625,0.375,0.4062,0.5625,0.5,0.4062,0.5,1,1,1,1,1,1,1,1,1,1,1,1,1,1,1,1,1,1,1,1,1,1,1,1,1,1,1,1,1,1,1,1,1,1,1,1
187,0.5938,0.8125,0.625,0.7812,0.7812,0.6562,0.5312,0.375,0.8125,0.5312,0.5,0.5312,1,1,1,1,1,1,1,1,1,1,1,1,1,1,1,1,1,1,1,1,1,1,1,1,1,1,1,1,1,1,1,1,1,1,1,1
188,0.5,0.4062,0.5625,0.3438,0.375,0.5,0.2188,0.25,0.2188,0.25,0.375,0.2188,0.9062,1,1,1,1,1,1,1,1,1,1,1,0.9688,0.9688,0.875,0.9688,0.9688,0.8125,0.9688,0.9688,0.9375,0.9688,0.9688,0.9062,0.9375,1,1,0.9688,0.9688,1,1,1,1,1,1,1
189,0.5312,0.4375,0.3125,0.4688,0.5,0.4062,0.2812,0.1562,0.4062,0.2188,0.3125,0.2188,1,1,1,1,1,1,1,1,1,1,1,1,1,0.9688,0.9375,1,0.9688,0.7812,1,0.9688,0.8125,0.9375,1,0.7812,1,1,1,0.9688,1,1,1,1,1,1,1,1
190,0.5,0.5,0.7188,0.5,0.625,0.5,0.125,0.2188,0.1562,0.4375,0.375,0.4688,0.9688,1,1,1,1,1,1,1,1,1,1,1,1,1,1,1,1,1,1,0.9375,0.9375,0.9688,0.9062,0.9688,0.9375,0.9688,1,0.9688,1,1,1,1,1,1,1,1
191,0.5625,0.5938,0.6875,0.7812,0.75,0.6875,0.4688,0.3125,0.6875,0.4375,0.4062,0.625,1,1,1,1,1,1,1,1,1,1,1,1,1,1,1,1,1,1,1,1,1,1,1,1,1,1,1,1,1,1,1,1,1,1,1,1
192,0.625,0.5625,0.6875,0.625,0.5938,0.4688,0.5938,0.5312,0.625,0.6875,0.6562,0.4375,1,1,1,1,1,1,1,1,1,1,1,1,1,1,1,1,1,1,1,1,1,1,1,1,1,1,1,1,1,1,1,1,1,1,1,1
193,0.25,0.1875,0.5312,0.3438,0.3125,0.5,0.3125,0.2188,0.3125,0.3125,0.1875,0.3125,0.9062,1,1,1,1,1,0.9688,1,1,0.9688,1,1,0.9688,1,1,1,1,1,1,1,1,1,0.9375,1,0.9688,1,1,1,1,1,1,1,1,1,1,1
194,0.5,0.4375,0.4375,0.1875,0.4062,0.3438,0.4375,0.1562,0.4375,0.3125,0.25,0.1875,0.9688,1,1,1,1,1,1,1,1,1,1,1,1,1,1,1,1,1,1,0.9375,1,1,1,1,0.9688,0.9688,1,1,1,1,1,1,1,1,1,1
195,0.5625,0.5,0.6562,0.5,0.4062,0.5625,0.375,0.3125,0.4062,0.4375,0.1875,0.375,1,1,1,1,1,1,1,1,1,1,1,1,1,1,1,1,1,1,1,1,0.9688,1,1,1,1,1,1,0.9688,1,1,1,1,1,0.9688,1,1
196,0.6875,0.5938,0.6562,0.5625,0.7188,0.625,0.4688,0.5312,0.4062,0.3438,0.5625,0.4375,1,1,1,1,1,1,1,1,1,1,1,1,1,1,1,1,1,1,1,1,1,1,1,1,1,1,1,1,1,1,1,1,1,1,1,1
197,0.3438,0.2188,0.5,0.4688,0.5312,0.5625,0.4062,0.25,0.2812,0.3125,0.1562,0.375,0.9688,1,1,1,0.9688,1,1,1,1,1,1,1,0.9688,1,1,1,1,1,1,1,1,0.9688,1,1,0.9375,1,1,1,1,1,0.9688,1,1,1,1,1
198,0.3125,0.2188,0.1875,0.375,0.375,0.3125,0.1562,0.1562,0.2812,0.1875,0.1562,0.25,0.9688,1,1,1,1,1,1,1,1,1,1,1,0.9688,0.9688,0.9688,1,1,1,0.9375,0.9062,0.9688,0.9375,0.9375,0.9688,0.9375,1,1,1,0.9375,1,0.9375,1,1,1,1,1
199,0.1562,0.4375,0.2812,0.5,0.375,0.375,0.3438,0.125,0.2812,0.3438,0.0625,0.375,1,1,1,1,1,1,1,1,1,0.9688,1,1,0.9375,1,0.9688,1,0.9375,0.8438,0.9688,0.9688,1,0.9688,1,0.9375,0.9375,1,1,1,1,1,0.9688,1,1,1,1,1
200,0.5938,0.5312,0.5,0.4375,0.5625,0.5625,0.3125,0.3125,0.4062,0.4688,0.5,0.4688,1,1,1,1,1,1,1,1,1,1,1,1,1,1,1,1,1,1,1,1,1,0.9688,1,1,1,1,1,1,1,1,1,1,1,1,1,1
201,0.2812,0.4062,0.2812,0.5,0.5625,0.375,0.1562,0.09375,0.09375,0.1875,0.09375,0.2812,0.9688,1,1,1,1,1,1,1,1,1,1,1,0.9375,1,1,1,1,0.9375,1,0.9688,0.9375,0.9688,0.9062,0.9688,0.9375,1,1,1,1,1,1,1,1,1,1,1
202,0.625,0.5938,0.6875,0.4375,0.5312,0.4375,0.5,0.3125,0.4688,0.2812,0.1562,0.4688,1,1,1,0.9688,1,1,1,1,1,1,1,1,1,1,1,1,1,1,1,1,1,1,1,1,0.9375,1,1,1,0.9688,1,1,1,1,1,1,1
203,0.4375,0.3438,0.4062,0.5625,0.5,0.5312,0.1875,0.3125,0.375,0.4375,0.2188,0.2188,1,1,1,1,1,1,1,1,1,1,1,1,1,1,0.875,0.9688,0.9688,0.875,1,1,1,1,0.9688,0.9062,0.9688,1,1,1,1,1,1,1,1,1,1,1
204,0.7812,0.5938,0.5625,0.7188,0.7188,0.5938,0.5938,0.8125,0.7188,0.5625,0.5938,0.6562,1,1,1,1,1,1,1,1,1,1,1,1,1,1,1,1,1,1,1,1,1,1,1,1,1,1,1,1,1,1,1,1,1,1,1,1
205,0.8125,0.7188,0.7188,0.625,0.7812,0.6875,0.5,0.4062,0.375,0.4688,0.375,0.625,1,1,1,1,1,1,1,1,1,1,1,1,1,1,1,1,1,1,1,1,1,1,1,1,1,1,1,1,1,1,1,1,1,1,1,1
206,0.8125,0.6875,0.5,0.5,0.5625,0.6875,0.25,0.3438,0.625,0.4375,0.5,0.625,1,1,1,1,1,1,1,1,1,1,1,1,1,1,1,1,1,1,0.9688,1,1,1,1,1,1,1,1,1,1,1,1,1,1,1,1,1
207,0.8438,0.75,0.75,0.875,0.75,0.5938,0.4375,0.2812,0.6875,0.5625,0.4375,0.6562,1,1,1,1,1,1,1,1,1,1,1,1,1,1,1,1,1,1,1,1,1,1,1,1,1,1,1,1,1,1,1,1,1,1,1,1
208,0.6562,0.6875,0.5938,0.6562,0.5625,0.5938,0.375,0.5,0.625,0.4375,0.4062,0.5938,1,1,1,1,1,1,1,1,1,1,1,1,1,1,1,1,1,1,1,1,1,1,1,1,1,1,1,1,1,1,1,1,1,1,1,1
209,0.5,0.25,0.5938,0.5938,0.625,0.375,0.4688,0.25,0.2188,0.375,0.2812,0.375,1,1,1,1,1,1,1,1,1,0.9688,1,1,0.9375,1,1,1,1,1,1,1,1,1,1,1,1,1,1,1,1,1,1,1,1,1,1,1
210,0.4375,0.5,0.1875,0.3125,0.3125,0.25,0.1562,0.09375,0.1562,0.1562,0.1875,0.125,1,1,1,1,1,1,1,1,1,0.9688,1,1,0.9688,1,1,1,1,1,1,0.9688,0.9688,0.9688,0.9062,0.8438,1,1,0.9688,1,1,1,0.9688,1,1,1,1,1
211,0.4375,0.3438,0.3438,0.4062,0.4688,0.4688,0.1875,0.2188,0.3438,0.4062,0.1875,0.3125,1,1,1,1,1,1,1,1,1,1,1,1,0.9688,0.9688,0.9375,0.9688,0.9688,0.9062,1,1,1,1,0.9688,1,1,1,1,1,1,1,0.9375,1,1,1,1,1
212,0.8125,0.7812,0.5625,0.6875,0.5625,0.75,0.375,0.4375,0.625,0.1875,0.3438,0.6562,1,1,1,1,1,1,1,1,1,1,1,1,1,1,1,1,1,1,1,1,1,1,1,1,0.9375,1,1,1,1,1,0.9688,1,1,1,1,1
213,0.6562,0.6875,0.7812,0.7812,0.7812,0.5625,0.4688,0.2812,0.5938,0.5312,0.4062,0.5938,1,1,1,1,1,1,1,1,1,1,1,1,1,1,1,1,1,1,1,1,1,1,1,1,1,0.9688,1,1,1,1,1,1,1,1,1,1
214,0.4688,0.4688,0.6562,0.4375,0.3438,0.4688,0.09375,0.1562,0.3125,0.125,0,0.125,0.875,1,1,0.9375,1,1,1,1,1,1,1,1,0.875,1,0.6875,0.9375,0.9375,0.5312,0.8438,0.8125,0.9062,0.9062,0.9688,0.8438,0.9375,0.9688,1,0.875,1,1,1,1,1,1,1,1
215,0.4688,0.5,0.625,0.6875,0.4375,0.625,0.2812,0.1562,0.5,0.2812,0.125,0.4062,0.9688,1,1,1,0.9688,1,1,1,1,1,1,1,0.9688,1,1,0.9688,1,1,1,1,1,1,1,1,0.9375,1,1,0.9688,0.9688,1,1,1,1,1,1,1
216,0.3438,0.5312,0.3438,0.5,0.3438,0.5312,0.5312,0.1875,0.3438,0.4688,0.25,0.2812,0.9688,1,1,1,1,1,1,1,1,1,1,1,1,1,1,1,1,1,1,1,1,1,1,1,0.9688,1,1,1,1,1,1,1,1,1,1,1
217,0.4375,0.7188,0.4062,0.4375,0.6875,0.4375,0.2812,0.125,0.375,0.4062,0.4062,0.1875,1,1,1,1,1,1,1,1,1,1,1,1,0.9375,1,0.875,1,0.9375,0.875,1,1,0.9688,1,0.9688,0.9375,1,1,1,1,1,1,1,1,1,1,1,1
218,0.4062,0.4062,0.4062,0.2188,0.3438,0.3438,0.3125,0.25,0.2812,0.3438,0.4062,0.3125,0.9375,1,1,1,1,1,1,1,1,0.9688,1,1,0.9688,0.9062,0.8438,0.9375,1,0.875,0.9688,0.9375,1,1,1,1,1,1,1,1,1,1,1,1,1,0.9688,1,1
219,0.5312,0.375,0.3125,0.5625,0.5312,0.125,0.3125,0.3438,0.2188,0.3438,0.1875,0.3438,1,1,1,1,1,1,1,1,1,0.9688,1,1,1,0.9688,0.9375,0.9688,0.9062,0.9375,1,0.9375,0.7812,1,0.9688,0.875,1,1,1,1,0.9688,1,1,1,1,1,1,1
220,0.6875,0.6875,0.7188,0.5938,0.625,0.5938,0.4375,0.4688,0.4688,0.4375,0.4688,0.5625,1,1,1,1,1,1,1,1,1,1,1,1,1,1,1,1,1,1,1,1,1,1,1,1,1,1,1,1,1,1,1,1,1,1,1,1
221,0.75,0.875,0.5625,0.8125,0.75,0.7812,0.5,0.4375,0.5938,0.625,0.4375,0.6562,1,1,1,1,1,1,1,1,1,1,1,1,1,1,1,1,1,1,1,1,1,1,1,1,1,1,1,1,1,1,1,1,1,1,1,1
222,0.6875,0.5625,0.625,0.4062,0.5625,0.7812,0.3125,0.2188,0.375,0.2812,0.3125,0.3125,1,1,1,1,1,1,0.9688,1,1,1,1,1,1,1,1,1,1,1,1,1,0.9688,0.9688,0.9375,0.9688,0.9688,1,1,0.9688,1,1,1,1,1,1,1,1
223,0.6562,0.5938,0.5938,0.5312,0.6562,0.7188,0.5625,0.3125,0.8438,0.5312,0.3438,0.7188,1,1,1,1,1,1,1,1,1,1,1,1,1,1,1,1,1,1,1,1,1,1,1,1,1,1,1,1,1,1,1,1,1,1,1,1
224,0.5,0.4688,0.5312,0.4688,0.6875,0.5938,0.3438,0.375,0.7188,0.4688,0.6562,0.5,1,1,1,1,1,1,1,1,1,1,1,1,1,1,1,1,1,1,1,1,1,1,1,1,0.9688,1,1,1,1,1,0.9688,1,1,1,1,1
225,0.3438,0.3438,0.3125,0.25,0.4688,0.4062,0.2188,0.1875,0.25,0.25,0.25,0.25,0.9375,1,1,1,1,1,0.9688,1,1,1,1,1,0.9688,0.9688,1,1,1,0.9688,0.9688,0.9062,0.9688,0.9375,0.9375,0.9375,0.9688,1,1,1,1,1,1,1,1,1,1,1
226,0.5625,0.4062,0.5625,0.5625,0.5938,0.4375,0.4062,0.2812,0.3438,0.4062,0.25,0.2812,1,1,1,1,1,1,1,1,1,1,1,1,1,1,1,1,1,1,1,1,1,1,1,1,0.9688,1,1,1,1,1,1,1,1,1,0.9688,1
227,0.4688,0.4375,0.4062,0.5312,0.5312,0.4375,0.375,0.2812,0.3438,0.09375,0.2188,0.25,0.9688,1,1,1,1,1,1,1,1,1,1,1,0.9688,1,0.9688,1,1,0.9062,0.9688,0.9688,0.9062,1,1,0.9688,1,1,1,1,1,1,0.9688,1,1,1,1,1
228,0.5938,0.5938,0.5312,0.375,0.375,0.4375,0.4375,0.3125,0.3438,0.3438,0.2188,0.4375,1,1,1,1,1,1,1,1,1,1,1,1,1,0.9688,1,1,1,1,1,1,1,1,1,1,1,1,1,1,1,1,1,1,1,1,1,1
229,0.4062,0.1562,0.4375,0.5,0.6562,0.375,0.3125,0.1875,0.375,0.2188,0.3125,0.2812,1,1,1,0.9688,1,1,0.9688,1,1,0.9688,1,1,0.9688,1,0.8125,0.9688,0.9688,0.9375,1,0.9375,0.9688,1,0.9688,0.9375,0.9062,1,1,1,1,1,1,1,1,0.9688,1,1
230,0.4062,0.4062,0.3438,0.5,0.375,0.5312,0.3438,0.2812,0.25,0.1875,0.2188,0.2188,0.9688,1,1,1,1,1,0.9688,1,1,1,1,1,0.9688,0.9688,0.9688,1,0.9688,0.6875,1,0.9375,0.9375,1,1,0.9062,0.9688,1,1,1,1,1,1,1,1,1,1,1
231,0.5625,0.3438,0.125,0.5312,0.4062,0.3125,0.3125,0.3438,0.2188,0.375,0.2188,0.1562,1,1,1,0.9688,1,1,0.9688,1,1,0.9688,1,1,0.9688,0.9688,0.7812,1,0.875,0.8438,1,0.9688,0.7812,0.9688,1,0.9062,1,1,1,1,0.9688,1,1,1,1,1,1,1
232,0.6875,0.6875,0.6562,0.6875,0.5312,0.625,0.4375,0.5938,0.8125,0.4688,0.4062,0.7812,1,1,1,1,1,1,1,1,1,1,1,1,1,1,1,1,1,1,1,1,1,1,1,1,1,1,1,1,1,1,1,1,1,1,1,1
233,0.3125,0.1562,0.5,0.5938,0.7188,0.4375,0.0625,0.03125,0.1562,0.25,0.1562,0.125,0.875,1,1,1,1,1,1,1,1,1,1,1,0.875,0.9688,0.9062,1,1,0.6875,0.875,0.875,0.9375,0.875,0.875,0.875,0.9062,1,1,0.9688,1,1,1,1,1,0.9688,1,1
234,0.7188,0.7188,0.5312,0.5938,0.75,0.4688,0.5,0.4375,0.5,0.3125,0.5,0.625,1,1,1,1,1,1,1,1,1,1,1,1,1,1,1,1,1,1,1,1,1,1,1,1,0.9688,1,1,0.9688,1,1,1,1,1,1,1,1
235,0.5312,0.5625,0.5312,0.625,0.6562,0.75,0.2812,0.3125,0.375,0.3125,0.1875,0.2812,1,1,1,1,1,1,1,1,1,1,1,1,1,1,1,1,1,1,1,1,0.9688,1,1,0.9688,0.9688,1,1,0.9688,1,1,1,1,1,1,1,1
236,0.7812,0.6875,0.6562,0.5312,0.6875,0.5312,0.4375,0.4375,0.5625,0.4688,0.4688,0.5938,1,1,1,1,1,1,1,1,1,1,1,1,1,1,1,1,1,1,1,1,1,1,1,1,1,1,1,1,1,1,1,1,1,1,1,1
237,0.5312,0.4062,0.5938,0.7188,0.6562,0.625,0.3438,0.3125,0.3438,0.2812,0.1562,0.5,1,1,1,1,1,1,1,1,1,1,1,1,1,1,1,1,0.9688,1,0.9688,0.9375,0.9688,1,1,0.9688,1,1,1,1,1,1,0.9688,1,1,1,1,1
238,0.8125,0.6875,0.5,0.6875,0.8125,0.625,0.4375,0.3125,0.8438,0.5625,0.4062,0.5625,1,1,1,1,1,1,1,1,1,1,1,1,1,1,1,1,1,1,1,1,1,1,1,1,1,1,1,1,1,1,1,1,1,1,1,1
239,0.75,0.75,0.6562,0.7188,0.9062,0.6562,0.625,0.2812,0.8125,0.3438,0.5,0.5938,1,1,1,1,1,1,1,1,1,1,1,1,1,1,1,1,1,1,1,1,1,1,1,1,1,1,1,1,1,1,1,1,1,1,1,1
240,0.7188,0.75,0.625,0.75,0.6562,0.4375,0.75,0.6875,0.5938,0.5,0.625,0.6875,1,1,1,1,1,1,1,1,1,1,1,1,1,1,1,1,1,1,1,1,1,1,1,1,1,1,1,1,1,1,1,1,1,1,1,1
241,0.5938,0.625,0.6875,0.8125,0.75,0.5312,0.5312,0.4062,0.5938,0.6562,0.2812,0.6875,1,1,1,1,1,1,1,1,1,1,1,1,1,1,1,1,1,1,1,1,1,1,1,1,1,1,1,1,1,1,1,1,1,1,1,1
242,0.625,0.7188,0.5938,0.625,0.6875,0.6875,0.4375,0.5,0.5938,0.5625,0.4375,0.5,1,1,1,1,1,1,1,1,1,1,1,1,1,1,1,1,1,1,1,1,1,1,1,1,1,1,1,1,1,1,1,1,1,1,1,1
243,0.5938,0.7188,0.6562,0.625,0.8438,0.6875,0.7188,0.4375,0.6562,0.5,0.4062,0.625,1,1,1,1,1,1,1,1,1,1,1,1,1,1,1,1,1,1,1,1,1,1,1,1,1,1,1,1,1,1,1,1,1,1,1,1
244,0.625,0.7188,0.7188,0.625,0.75,0.6562,0.375,0.4062,0.5312,0.5625,0.5312,0.5938,1,1,1,1,1,1,1,1,1,1,1,1,1,1,1,1,1,1,1,1,1,1,1,1,0.9688,1,1,1,1,1,1,1,1,1,1,1
245,0.75,0.625,0.75,0.8125,0.7812,0.625,0.4688,0.5625,0.6875,0.4688,0.4688,0.75,1,1,1,1,1,1,1,1,1,1,1,1,1,1,1,1,1,1,1,1,1,1,1,1,1,1,1,1,1,1,1,1,1,0.9688,1,1
246,0.75,0.375,0.5,0.3125,0.5,0.5625,0.3438,0.2188,0.3125,0.3125,0.1875,0.25,0.9688,1,1,1,1,1,1,1,1,1,1,1,0.9375,1,1,1,1,1,0.9375,1,0.9688,0.9688,0.9375,0.9688,0.9688,0.9688,1,1,1,1,1,1,1,1,1,1
247,0.6562,0.875,0.7188,0.8125,0.7812,0.7812,0.4688,0.25,0.7188,0.5625,0.4375,0.7188,1,1,1,1,1,1,1,1,1,1,1,1,1,1,1,1,1,1,1,1,1,1,1,1,1,1,1,1,1,1,0.9688,1,1,1,1,1
248,0.6562,0.6562,0.5625,0.7812,0.7812,0.4688,0.3438,0.4375,0.5312,0.4062,0.5312,0.4688,1,1,1,1,1,1,1,1,1,1,1,1,1,1,1,1,1,1,1,1,1,1,1,1,0.9688,1,1,1,1,1,1,1,1,1,1,1
249,0.5938,0.5,0.5938,0.7188,0.75,0.5938,0.2188,0.2188,0.2812,0.4062,0.25,0.375,0.9688,1,1,1,1,1,1,1,1,1,1,1,0.9688,1,1,1,1,1,1,0.9688,0.9688,1,0.9688,0.9688,0.9375,1,1,1,1,1,0.9688,1,1,1,1,1
250,0.7812,0.7188,0.75,0.75,0.8438,0.7812,0.625,0.4062,0.6875,0.4062,0.5,0.625,1,1,1,1,1,1,1,1,1,1,1,1,1,1,1,1,1,1,1,1,1,1,1,1,1,1,1,1,1,1,0.9688,1,1,1,1,1
251,0.7812,0.7188,0.7188,0.7812,0.8125,0.4688,0.5312,0.375,0.5625,0.6562,0.3438,0.6875,1,1,1,1,1,1,1,1,1,1,1,1,1,1,1,1,1,1,1,1,1,1,1,1,0.9688,1,1,1,1,1,1,1,1,1,1,1
252,0.75,0.7812,0.6562,0.75,0.625,0.6562,0.625,0.3438,0.625,0.5312,0.5,0.6875,1,1,1,1,1,1,1,1,1,1,1,1,1,1,1,1,1,1,1,1,1,1,1,1,1,1,1,1,1,1,1,1,1,1,1,1
253,0.8438,0.8438,0.7188,0.8125,0.9375,0.6875,0.5938,0.4062,0.7188,0.4688,0.375,0.7812,1,1,1,1,1,1,0.9688,1,1,1,1,1,1,1,1,1,1,1,1,1,1,1,1,1,1,1,1,1,1,1,1,1,1,1,1,1
254,0.7188,0.9375,0.6875,0.6875,0.9688,0.5,0.4062,0.3125,0.7812,0.5,0.4375,0.5625,1,1,1,1,1,1,1,1,1,1,1,1,1,1,1,1,1,1,1,1,1,1,1,1,1,1,1,1,1,1,1,1,1,1,1,1
255,0.8438,0.8125,0.75,0.9062,0.75,0.7812,0.7812,0.4688,0.875,0.7188,0.7188,0.7188,1,1,1,1,1,1,1,1,1,1,1,1,1,1,1,1,1,1,1,1,1,1,1,1,1,1,1,1,1,1,1,1,1,1,1,1
